Case,MAE,MSE,RMSE,PSNR,,MAE,MSE,RMSE,PSNR,,MAE,MSE,RMSE,PSNR
HNC_012+15Ag+MOS_52380,3.62 ,25.25 ,5.03 ,23.96 ,,1.87 ,6.87 ,2.62 ,29.61 ,,1.75 ,18.39 ,2.40 ,-5.65 
HNC_194+15Ag+MOS_44393,3.08 ,19.54 ,4.42 ,24.58 ,,1.47 ,4.10 ,2.02 ,31.37 ,,1.61 ,15.45 ,2.40 ,-6.79 
HNC_002+A4Ac+MOS_3810,3.24 ,20.71 ,4.55 ,24.41 ,,1.69 ,6.30 ,2.51 ,29.57 ,,1.54 ,14.41 ,2.04 ,-5.17 
HNC_042+A4Ac+MOS_52944,2.86 ,19.46 ,4.41 ,24.32 ,,1.34 ,4.05 ,2.01 ,31.13 ,,1.52 ,15.40 ,2.40 ,-6.81 
HNC_052+15Ag+MOS_10560,2.76 ,17.51 ,4.18 ,24.87 ,,1.30 ,3.65 ,1.91 ,31.68 ,,1.47 ,13.86 ,2.27 ,-6.81 
HNC_103+A4Ac+MOS_57502,2.58 ,15.06 ,3.88 ,24.94 ,,1.18 ,4.19 ,2.05 ,30.50 ,,1.40 ,10.87 ,1.83 ,-5.56 
HNC_164+15Ag+MOS_43334,2.67 ,14.98 ,3.87 ,25.71 ,,1.32 ,4.03 ,2.01 ,31.41 ,,1.35 ,10.95 ,1.86 ,-5.70 
HNC_022+15Ag+MOS_53845,2.81 ,15.71 ,3.96 ,25.55 ,,1.48 ,4.38 ,2.09 ,31.09 ,,1.33 ,11.33 ,1.87 ,-5.55 
HNC_194+A4Ac+MOS_44393,3.01 ,19.57 ,4.42 ,24.53 ,,1.73 ,5.90 ,2.43 ,29.74 ,,1.29 ,13.67 ,1.99 ,-5.21 
HNC_083+A4Ac+MOS_55838,2.20 ,11.72 ,3.42 ,26.70 ,,0.92 ,2.83 ,1.68 ,32.87 ,,1.28 ,8.89 ,1.74 ,-6.17 
HNC_032+15Ag+MOS_59198,2.70 ,14.21 ,3.77 ,26.36 ,,1.43 ,4.69 ,2.17 ,31.18 ,,1.27 ,9.52 ,1.60 ,-4.81 
HNC_124+A4Ac+MOS_30300,2.72 ,19.29 ,4.39 ,24.42 ,,1.50 ,5.29 ,2.30 ,30.04 ,,1.22 ,14.00 ,2.09 ,-5.62 
HNC_062+15Ag+MOS_568,3.00 ,17.56 ,4.19 ,24.90 ,,1.80 ,6.02 ,2.45 ,29.55 ,,1.20 ,11.53 ,1.74 ,-4.65 
HNC_154+A4Ac+MOS_34515,2.78 ,16.42 ,4.05 ,25.25 ,,1.58 ,5.29 ,2.30 ,30.16 ,,1.20 ,11.13 ,1.75 ,-4.92 
HNC_032+A4Ac+MOS_59198,2.80 ,18.50 ,4.30 ,24.81 ,,1.66 ,5.82 ,2.41 ,29.84 ,,1.14 ,12.69 ,1.89 ,-5.03 
HNC_174+15Ag+MOS_2982,2.66 ,15.91 ,3.99 ,25.61 ,,1.52 ,5.62 ,2.37 ,30.13 ,,1.14 ,10.29 ,1.62 ,-4.52 
HNC_134+15Ag+MOS_56919,2.42 ,13.69 ,3.70 ,26.09 ,,1.29 ,3.65 ,1.91 ,31.83 ,,1.14 ,10.04 ,1.79 ,-5.74 
HNC_052+A4Ac+MOS_10560,2.76 ,18.55 ,4.31 ,24.52 ,,1.64 ,6.62 ,2.57 ,28.99 ,,1.13 ,11.92 ,1.73 ,-4.47 
HNC_164+9Ag+MOS_43334,2.70 ,15.61 ,3.95 ,25.64 ,,1.63 ,6.12 ,2.47 ,29.71 ,,1.07 ,9.49 ,1.48 ,-4.07 
HNC_012+9Ag+MOS_52380,3.29 ,21.42 ,4.63 ,24.71 ,,2.26 ,9.78 ,3.13 ,28.11 ,,1.03 ,11.65 ,1.50 ,-3.41 
HNC_093+A4Ac+MOS_23707,2.60 ,16.66 ,4.08 ,25.27 ,,1.58 ,6.02 ,2.45 ,29.69 ,,1.02 ,10.64 ,1.63 ,-4.42 
HNC_022+A4Ac+MOS_53845,2.99 ,18.84 ,4.34 ,24.60 ,,1.99 ,7.68 ,2.77 ,28.49 ,,1.01 ,11.16 ,1.57 ,-3.90 
HNC_093+15Ag+MOS_23707,2.52 ,14.02 ,3.74 ,26.14 ,,1.51 ,5.02 ,2.24 ,30.61 ,,1.00 ,9.01 ,1.51 ,-4.47 
HNC_022+9Ag+MOS_53845,2.88 ,16.33 ,4.04 ,25.30 ,,1.88 ,7.04 ,2.65 ,28.95 ,,1.00 ,9.28 ,1.39 ,-3.65 
HNC_134+A4Ac+MOS_56919,2.47 ,14.86 ,3.86 ,25.71 ,,1.49 ,5.49 ,2.34 ,30.03 ,,0.98 ,9.37 ,1.51 ,-4.32 
HNC_164+A4Ac+MOS_43334,2.32 ,13.60 ,3.69 ,26.03 ,,1.34 ,4.41 ,2.10 ,30.92 ,,0.97 ,9.19 ,1.59 ,-4.89 
HNC_073+A4Ac+MOS_58793,3.03 ,18.06 ,4.25 ,25.10 ,,2.07 ,7.90 ,2.81 ,28.69 ,,0.96 ,10.17 ,1.44 ,-3.59 
HNC_073+15Ag+MOS_58793,2.50 ,12.09 ,3.48 ,26.66 ,,1.56 ,4.82 ,2.19 ,30.65 ,,0.94 ,7.27 ,1.28 ,-4.00 
HNC_062+9Ag+MOS_568,3.28 ,20.63 ,4.54 ,24.23 ,,2.34 ,10.51 ,3.24 ,27.16 ,,0.94 ,10.12 ,1.30 ,-2.93 
HNC_052+9Ag+MOS_10560,2.51 ,14.85 ,3.85 ,25.49 ,,1.59 ,5.77 ,2.40 ,29.60 ,,0.92 ,9.08 ,1.45 ,-4.10 
HNC_174+9Ag+MOS_2982,2.62 ,16.65 ,4.08 ,25.46 ,,1.70 ,7.12 ,2.67 ,29.15 ,,0.92 ,9.53 ,1.41 ,-3.69 
HNC_194+9Ag+MOS_44393,2.87 ,17.54 ,4.19 ,25.20 ,,1.99 ,7.81 ,2.79 ,28.72 ,,0.89 ,9.73 ,1.39 ,-3.52 
HNC_134+9Ag+MOS_56919,2.48 ,14.34 ,3.79 ,26.02 ,,1.64 ,6.40 ,2.53 ,29.52 ,,0.84 ,7.94 ,1.26 ,-3.51 
HNC_032+9Ag+MOS_59198,2.79 ,16.43 ,4.05 ,26.17 ,,1.96 ,8.47 ,2.91 ,29.05 ,,0.83 ,7.97 ,1.14 ,-2.88 
HNC_103+15Ag+MOS_57502,2.06 ,11.61 ,3.41 ,26.61 ,,1.23 ,3.83 ,1.96 ,31.43 ,,0.83 ,7.78 ,1.45 ,-4.82 
HNC_184+A4Ac+MOS_32779,2.42 ,17.88 ,4.23 ,25.30 ,,1.61 ,6.79 ,2.61 ,29.50 ,,0.81 ,11.09 ,1.62 ,-4.20 
HNC_002+15Ag+MOS_3810,2.37 ,11.69 ,3.42 ,26.79 ,,1.57 ,5.16 ,2.27 ,30.34 ,,0.81 ,6.54 ,1.15 ,-3.56 
HNC_062+A4Ac+MOS_568,3.51 ,24.18 ,4.92 ,23.44 ,,2.72 ,13.38 ,3.66 ,26.01 ,,0.79 ,10.80 ,1.26 ,-2.57 
HNC_154+15Ag+MOS_34515,2.30 ,10.47 ,3.24 ,27.25 ,,1.55 ,4.70 ,2.17 ,30.73 ,,0.75 ,5.78 ,1.07 ,-3.48 
HNC_093+9Ag+MOS_23707,2.74 ,16.41 ,4.05 ,25.49 ,,1.99 ,9.02 ,3.00 ,28.08 ,,0.74 ,7.39 ,1.05 ,-2.60 
HNC_154+9Ag+MOS_34515,2.68 ,14.32 ,3.78 ,25.90 ,,1.94 ,7.56 ,2.75 ,28.68 ,,0.74 ,6.77 ,1.04 ,-2.78 
HNC_002+9Ag+MOS_3810,2.68 ,15.01 ,3.87 ,25.80 ,,1.95 ,7.82 ,2.80 ,28.63 ,,0.73 ,7.20 ,1.08 ,-2.84 
HNC_042+9Ag+MOS_52944,2.39 ,12.74 ,3.57 ,26.23 ,,1.70 ,6.33 ,2.52 ,29.26 ,,0.69 ,6.41 ,1.05 ,-3.04 
HNC_012+A4Ac+MOS_52380,2.89 ,17.08 ,4.13 ,25.15 ,,2.20 ,9.15 ,3.02 ,27.86 ,,0.69 ,7.94 ,1.11 ,-2.71 
HNC_083+9Ag+MOS_55838,1.88 ,10.30 ,3.21 ,27.36 ,,1.20 ,4.32 ,2.08 ,31.13 ,,0.68 ,5.98 ,1.13 ,-3.78 
HNC_103+9Ag+MOS_57502,2.10 ,11.41 ,3.38 ,26.41 ,,1.43 ,5.07 ,2.25 ,29.93 ,,0.67 ,6.33 ,1.13 ,-3.52 
HNC_042+15Ag+MOS_52944,2.14 ,10.76 ,3.28 ,26.89 ,,1.48 ,4.44 ,2.11 ,30.74 ,,0.67 ,6.32 ,1.17 ,-3.85 
HNC_124+9Ag+MOS_30300,2.28 ,11.27 ,3.36 ,26.80 ,,1.65 ,5.99 ,2.45 ,29.55 ,,0.63 ,5.29 ,0.91 ,-2.75 
HNC_083+15Ag+MOS_55838,1.75 ,9.35 ,3.06 ,27.80 ,,1.14 ,3.60 ,1.90 ,31.95 ,,0.61 ,5.75 ,1.16 ,-4.15 
HNC_174+A4Ac+MOS_2982,2.16 ,12.29 ,3.51 ,26.65 ,,1.60 ,7.41 ,2.72 ,28.85 ,,0.56 ,4.88 ,0.78 ,-2.20 
HNC_073+9Ag+MOS_58793,2.62 ,13.51 ,3.68 ,26.29 ,,2.08 ,8.53 ,2.92 ,28.28 ,,0.54 ,4.98 ,0.75 ,-2.00 
HNC_124+15Ag+MOS_30300,1.95 ,8.53 ,2.92 ,27.98 ,,1.56 ,4.97 ,2.23 ,30.33 ,,0.38 ,3.56 ,0.69 ,-2.35 
