Case,,Metrics_MAE,Metrics_RMSE,Metrics_MSE,Metrics_PSNR,,Global_MAE,Global_MSE,Global_RMSE,Global_PSNR,,,,,diff psnr
HNSCC-01-0012+15Ag+MOS_13679,,0.530708,1.33117,1.772014,32.025,,0.687826,3.789658,1.946704,28.624,,0.157118,2.458488,0.17469,-3.401
HNSCC-01-0012+9Ag+MOS_13679,,0.5508,1.356738,1.840737,31.961,,0.709068,3.549715,1.884069,29.037,,0.158268,2.192977,0.043332,-2.924
HNSCC-01-0012+A4Ac+MOS_13679,,0.420117,1.267013,1.605322,32.33,,0.680137,2.9476,1.716858,29.622,,0.26002,1.680587,0.111536,-2.708
HNSCC-01-0092+15Ag+MOS_1717,,1.007631,1.793611,3.217041,30.559,,0.983624,4.949769,2.224808,28.665,,-0.024007,3.156158,-0.992233,-1.894
HN-CHUM-012+S215Ag+MOS_31285,,0.861678,1.535724,2.358449,32.309,,0.916535,3.458426,1.859684,30.571,,0.054857,1.922702,-0.498765,-1.738
HN-HMR-035+S215Ag+MOS_31394,,1.737431,2.51549,6.32769,29.474,,1.994361,8.802742,2.966942,27.911,,0.25693,6.287252,-3.360748,-1.563
HN-CHUM-002+S215Ag+MOS_4718,,2.383624,3.745831,14.031247,29.717,,2.541138,14.588335,3.819468,28.197,,0.157514,10.842504,-10.211779,-1.52
HN_P032+15Ag+MOS_29663,,1.16292,2.358921,5.564507,29.45,,1.761543,7.777617,2.788838,27.988,,0.598623,5.418696,-2.775669,-1.462
HN_P030+15Ag+MOS_27660,,1.861176,2.719026,7.393105,27.723,,1.784922,10.064664,3.172485,26.286,,-0.076254,7.345638,-4.22062,-1.437
HN_P029+15Ag+MOS_58348,,0.676784,1.506952,2.270905,33.256,,0.793609,3.120439,1.766476,31.831,,0.116825,1.613487,-0.504429,-1.425
HN-CHUM-042+S215Ag+MOS_18810,,1.460386,2.293558,5.260406,30.507,,1.436553,7.256171,2.693728,29.086,,-0.023833,4.962613,-2.566678,-1.421
HN_P005+A4Ac+MOS_28880,,2.109425,3.309329,10.951661,25.059,,1.845858,14.451203,3.801474,23.742,,-0.263567,11.141874,-7.150187,-1.317
HN-CHUM-042+S2A4Ac+MOS_18810,,1.70218,2.871707,8.246699,28.499,,1.63299,10.772048,3.28208,27.229,,-0.06919,7.900341,-4.964619,-1.27
HN-CHUM-062+S2A4Ac+MOS_16618,,0.798769,1.546788,2.392554,33.811,,0.776403,3.065841,1.750954,32.556,,-0.022366,1.519053,-0.6416,-1.255
HN-CHUM-012+S29Ag+MOS_31285,,1.014321,1.823823,3.326329,30.834,,1.029001,4.326629,2.080055,29.675,,0.01468,2.502806,-1.246274,-1.159
HN-CHUM-062+S215Ag+MOS_16618,,0.819548,1.562551,2.441566,33.679,,0.706126,3.046,1.745279,32.59,,-0.113422,1.483449,-0.696287,-1.089
HNSCC-01-0002+A4Ac+MOS_50349,,1.589792,2.576011,6.635833,29.286,,1.693614,8.426238,2.902798,28.205,,0.103822,5.850227,-3.733035,-1.081
0522c0248+A4Ac+MOS_35667,,1.194731,2.006387,4.02559,31.483,,1.191075,5.024128,2.241457,30.406,,-0.003656,3.017741,-1.784133,-1.077
HN-CHUM-002+S29Ag+MOS_4718,,3.095675,4.932488,24.329437,27.953,,2.939821,21.234362,4.608076,26.9,,-0.155854,16.301874,-19.721361,-1.053
HN-CHUM-032+S215Ag+MOS_55581,,1.979687,2.664182,7.097866,28.771,,2.111785,8.954771,2.992452,27.74,,0.132098,6.290589,-4.105414,-1.031
HN_P029+9Ag+MOS_58348,,0.75556,1.702105,2.897161,32.207,,0.86167,3.633167,1.906087,31.177,,0.10611,1.931062,-0.991074,-1.03
HN-HMR-035+S29Ag+MOS_31394,,1.923936,2.867162,8.220615,28.306,,2.079313,10.268529,3.204455,27.318,,0.155377,7.401367,-5.01616,-0.988
HNSCC-01-0202+A4Ac+MOS_0776,,1.087822,2.044261,4.179004,31.343,,1.087331,4.808712,2.192877,30.371,,-0.000491,2.764451,-1.986127,-0.972
HNSCC-01-0192+15Ag+MOS_19335,,0.903707,1.490911,2.222816,33.412,,0.833506,2.727245,1.651437,32.493,,-0.070201,1.236334,-0.571379,-0.919
0522c0455+A4Ac+MOS_0299,,1.428511,2.107544,4.441743,30.937,,1.402945,5.345085,2.311944,30.031,,-0.025566,3.237541,-2.129799,-0.906
HN_P005+9Ag+MOS_28880,,2.171424,3.164093,10.011487,25.825,,1.928644,11.774519,3.431402,24.958,,-0.24278,8.610426,-6.580085,-0.867
HN-HMR-035+S2A4Ac+MOS_31394,,1.832294,2.73953,7.505024,28.571,,1.820591,8.918202,2.986336,27.78,,-0.011703,6.178672,-4.518688,-0.791
HNSCC-01-0002+15Ag+MOS_50349,,1.568377,2.454586,6.024992,29.788,,1.581299,7.155009,2.674885,28.999,,0.012922,4.700423,-3.350107,-0.789
HN_P032+9Ag+MOS_29663,,1.382575,2.713743,7.3644,28.234,,1.732949,8.594018,2.931556,27.53,,0.350374,5.880275,-4.432844,-0.704
HNSCC-01-0112+15Ag+MOS_54227,,1.616223,2.334781,5.451204,30.422,,1.495875,6.132368,2.476362,29.735,,-0.120348,3.797587,-2.974842,-0.687
HN_P018+15Ag+MOS_55296,,1.495539,2.331926,5.437878,29.038,,1.417778,6.219084,2.493809,28.373,,-0.077761,3.887158,-2.944069,-0.665
HN-CHUM-012+S2A4Ac+MOS_31285,,0.893339,1.701379,2.894691,31.357,,0.942102,3.325044,1.82347,30.699,,0.048763,1.623665,-1.071221,-0.658
HNSCC-01-0022+A4Ac+MOS_17906,,0.985986,1.833929,3.363294,32.079,,1.015304,3.832513,1.95768,31.452,,0.029318,1.998584,-1.405614,-0.627
HN-CHUM-042+S29Ag+MOS_18810,,1.923239,3.043209,9.261122,28.025,,1.711579,10.461695,3.234454,27.475,,-0.21166,7.418486,-6.026668,-0.55
HN_P001+15Ag+MOS_15846,,2.536347,3.31944,11.018682,25.865,,2.27422,12.18907,3.491285,25.333,,-0.262127,8.86963,-7.527397,-0.532
HN_P019+15Ag+MOS_51891,,1.631016,2.283983,5.216577,28.986,,1.512283,5.76873,2.401818,28.464,,-0.118733,3.484747,-2.814759,-0.522
0522c0248+15Ag+MOS_35667,,1.226058,1.933222,3.737347,31.788,,1.133361,4.044188,2.011017,31.36,,-0.092697,2.110966,-1.72633,-0.428
HN-CHUM-002+S2A4Ac+MOS_4718,,2.672238,4.048948,16.393978,26.496,,2.489693,14.988689,3.871523,26.098,,-0.182545,10.939741,-12.522455,-0.398
HN-HMR-015+S215Ag+MOS_1375,,2.061282,2.87,8.236898,27.972,,2.087806,8.921687,2.986919,27.591,,0.026524,6.051687,-5.249979,-0.381
HNC_062+15Ag+MOS_568,,1.798665,2.454069,6.022455,29.546,,1.629431,6.466319,2.542896,29.176,,-0.169234,4.01225,-3.479559,-0.37
HN_P003+15Ag+MOS_24677,,1.331473,2.038897,4.157103,30.132,,1.046466,4.460484,2.111986,29.762,,-0.285007,2.421587,-2.045117,-0.37
HNSCC-01-0022+15Ag+MOS_17906,,1.025151,1.783378,3.180439,32.349,,0.943376,3.419178,1.849102,32.027,,-0.081775,1.6358,-1.331337,-0.322
HN_P030+S2A4Ac+MOS_27660,,2.837203,4.118505,16.96208,23.962,,2.491141,17.404915,4.17192,23.658,,-0.346062,13.28641,-12.79016,-0.304
HN_P003+A4Ac+MOS_24677,,1.484572,2.380838,5.668392,28.675,,1.144835,5.871921,2.423205,28.414,,-0.339737,3.491083,-3.245187,-0.261
HN-CHUM-062+S29Ag+MOS_16618,,0.958297,1.872739,3.507153,32.025,,0.789147,3.686993,1.920154,31.778,,-0.16915,1.814254,-1.586999,-0.247
HN-CHUM-032+S29Ag+MOS_55581,,2.544381,3.515641,12.359731,26.34,,2.280435,12.928308,3.595596,26.117,,-0.263946,9.412667,-8.764135,-0.223
HN_P032+S2A4Ac+MOS_29663,,1.674733,3.140202,9.860871,26.933,,1.693904,10.188001,3.191865,26.734,,0.019171,7.047799,-6.669006,-0.199
HN-HMR-025+S215Ag+MOS_5644,,1.831714,2.46951,6.098478,29.748,,1.672539,5.971878,2.443743,29.555,,-0.159175,3.502368,-3.654735,-0.193
HNC_093+A4Ac+MOS_23707,,1.578076,2.453586,6.020086,29.688,,1.240582,6.15695,2.48132,29.518,,-0.337494,3.703364,-3.538766,-0.17
HNSCC-01-0112+9Ag+MOS_54227,,1.962842,2.858528,8.17118,28.738,,1.828491,8.256994,2.873499,28.602,,-0.134351,5.398466,-5.297681,-0.136
HN_P028+15Ag+MOS_387,,2.019519,2.706701,7.326232,27.84,,1.782103,7.271157,2.696508,27.714,,-0.237416,4.564456,-4.629724,-0.126
HNSCC-01-0112+A4Ac+MOS_54227,,1.83511,2.555595,6.531066,29.276,,1.644296,6.632776,2.575418,29.164,,-0.190814,4.077181,-3.955648,-0.112
HN_P014+15Ag+MOS_24806,,1.761137,2.342921,5.489278,29.17,,1.7091,5.574119,2.360957,29.091,,-0.052037,3.231198,-3.128321,-0.079
HN_P010+A4Ac+MOS_20568,,1.089784,2.278012,5.189338,28.937,,1.141567,5.140608,2.267291,28.867,,0.051783,2.862596,-2.922047,-0.07
HNC_103+15Ag+MOS_57502,,1.229937,1.956641,3.828443,31.429,,0.975666,3.737265,1.933201,31.372,,-0.254271,1.780624,-1.895242,-0.057
HNC_083+A4Ac+MOS_55838,,0.921401,1.682273,2.830044,32.87,,1.015978,2.833432,1.68328,32.822,,0.094577,1.151159,-1.146764,-0.048
HN_P010+15Ag+MOS_20568,,1.072214,2.00571,4.022873,30.153,,0.921792,4.018914,2.004723,30.118,,-0.150422,2.013204,-2.01815,-0.035
HN-CHUM-032+S2A4Ac+MOS_55581,,2.34977,3.29957,10.887163,26.856,,1.974795,10.800331,3.286386,26.837,,-0.374975,7.500761,-7.600777,-0.019
HN_P028+9Ag+MOS_387,,2.353384,3.319411,11.018493,26.523,,2.008976,9.962351,3.156319,26.505,,-0.344408,6.64294,-7.862174,-0.018
HN-HMR-015+S2A4Ac+MOS_1375,,2.039156,2.796269,7.819118,28.093,,1.77945,7.797074,2.792324,28.082,,-0.259706,5.000805,-5.026794,-0.011
HNSCC-01-0192+A4Ac+MOS_19335,,1.081672,1.881153,3.538735,31.397,,0.914071,3.536687,1.880608,31.391,,-0.167601,1.655534,-1.658127,-0.006
HN_P018+A4Ac+MOS_55296,,1.555815,2.470717,6.104441,28.479,,1.425385,5.983572,2.446134,28.478,,-0.13043,3.512855,-3.658307,-0.001
HNC_103+9Ag+MOS_57502,,1.431223,2.252393,5.073274,29.925,,1.120156,4.993014,2.234505,29.929,,-0.311067,2.740621,-2.838769,0.004
HNC_103+A4Ac+MOS_57502,,1.178045,2.046837,4.189541,30.497,,1.00486,4.118683,2.029454,30.544,,-0.173185,2.071846,-2.160087,0.047
HN-HMR-015+S29Ag+MOS_1375,,2.6047,3.659985,13.395492,25.865,,2.448348,13.058715,3.613684,25.927,,-0.156352,9.39873,-9.781808,0.062
HNSCC-01-0092+9Ag+MOS_1717,,1.130702,2.026434,4.106435,29.568,,0.945305,4.020988,2.00524,29.659,,-0.185397,1.994554,-2.101195,0.091
HN-CHUM-052+S2A4Ac+MOS_0878,,1.882319,2.571677,6.613521,29.076,,1.598187,6.342901,2.518512,29.189,,-0.284132,3.771224,-4.095009,0.113
HN_P008+A4Ac+MOS_23724,,1.867921,2.911013,8.473997,28.271,,1.591843,8.091173,2.844499,28.39,,-0.276078,5.18016,-5.629498,0.119
HN_P001+9Ag+MOS_15846,,2.376113,3.301862,10.902292,26.019,,2.007879,10.489722,3.238784,26.146,,-0.368234,7.18786,-7.663508,0.127
HN_P028+S2A4Ac+MOS_387,,2.476205,3.662346,13.412777,24.921,,2.070672,12.668948,3.559347,25.05,,-0.405533,9.006602,-9.85343,0.129
HNSCC-01-0092+A4Ac+MOS_1717,,1.013592,2.072954,4.297138,29.242,,1.039216,4.091022,2.022628,29.381,,0.025624,2.018068,-2.27451,0.139
HN_P022+15Ag+MOS_33380,,1.228685,1.832445,3.357855,32.206,,1.013711,3.19262,1.78679,32.357,,-0.214974,1.360175,-1.571065,0.151
HN_P003+9Ag+MOS_24677,,1.61605,2.623178,6.881064,28.041,,1.186942,6.415298,2.532844,28.222,,-0.429108,3.79212,-4.34822,0.181
HN_P019+9Ag+MOS_51891,,2.000012,2.81118,7.902735,27.147,,1.688685,7.508261,2.740121,27.333,,-0.311327,4.697081,-5.162614,0.186
HN_P016+9Ag+MOS_33643,,1.40702,2.673484,7.147515,28.551,,1.344334,6.721441,2.592574,28.758,,-0.062686,4.047957,-4.554941,0.207
HNC_164+A4Ac+MOS_43334,,1.342364,2.100544,4.412287,30.921,,1.249974,4.176224,2.043581,31.146,,-0.09239,2.07568,-2.368706,0.225
HN-HGJ-066+S215Ag+MOS_7133,,1.180584,1.802378,3.248565,31.026,,0.980603,3.04672,1.745485,31.26,,-0.199981,1.244342,-1.50308,0.234
0522c0657+15Ag+MOS_56570,,1.675221,2.372943,5.630857,30.035,,1.467303,5.158908,2.271323,30.278,,-0.207918,2.785965,-3.359534,0.243
HN_P002+15Ag+MOS_31265,,1.793427,2.462878,6.065766,29.737,,1.508015,5.471617,2.339149,30.056,,-0.285412,3.008739,-3.726617,0.319
HN-HGJ-077+S215Ag+MOS_22288,,1.50862,2.122435,4.50473,29.764,,1.325545,4.120191,2.029825,30.118,,-0.183075,1.997756,-2.474905,0.354
0522c0330+15Ag+MOS_59394,,1.537809,2.262463,5.118741,30.313,,1.410388,4.647724,2.155858,30.678,,-0.127421,2.385261,-2.962883,0.365
HNSCC-01-0162+15Ag+MOS_1626,,1.048975,1.804962,3.25789,32.509,,0.905255,2.979781,1.726204,32.876,,-0.14372,1.174819,-1.531686,0.367
HNC_062+9Ag+MOS_568,,2.337756,3.242415,10.513256,27.159,,2.063061,9.52201,3.085775,27.547,,-0.274695,6.279595,-7.427481,0.388
HN_P007+9Ag+MOS_3989,,1.459973,2.054624,4.221481,29.846,,1.126823,3.7722,1.942215,30.241,,-0.33315,1.717576,-2.279266,0.395
HN_P030+9Ag+MOS_27660,,2.481398,3.687102,13.594718,24.999,,2.022581,12.133729,3.48335,25.397,,-0.458817,8.446627,-10.111368,0.398
HN_P013+15Ag+MOS_14628,,2.126962,3.153531,9.944757,27.675,,1.628318,8.428242,2.903143,28.079,,-0.498644,5.274711,-7.041614,0.404
HN_P015+15Ag+MOS_6827,,1.963382,3.101342,9.61832,28.893,,1.626235,7.582431,2.753621,29.319,,-0.337147,4.481089,-6.864699,0.426
0522c0002+9Ag+MOS_21176,,1.884101,2.640638,6.97297,29.012,,1.603082,6.263656,2.50273,29.444,,-0.281019,3.623018,-4.47024,0.432
HNC_093+15Ag+MOS_23707,,1.512989,2.239512,5.015416,30.606,,1.254328,4.461331,2.112186,31.041,,-0.258661,2.221819,-2.90323,0.435
0522c0726+A4Ac+MOS_21795,,1.715487,2.574915,6.630186,29.249,,1.332005,5.936066,2.436404,29.684,,-0.383482,3.361151,-4.193782,0.435
HNC_052+15Ag+MOS_10560,,1.297241,1.910914,3.651592,31.675,,1.069202,3.27878,1.81074,32.111,,-0.228039,1.367866,-1.840852,0.436
0522c0806+15Ag+MOS_26428,,1.632753,2.272726,5.165282,30.382,,1.441966,4.641856,2.154497,30.826,,-0.190787,2.36913,-3.010785,0.444
HN_P014+9Ag+MOS_24806,,2.435047,3.213388,10.325862,26.454,,2.167336,9.198162,3.032847,26.926,,-0.267711,5.984774,-7.293015,0.472
HNSCC-01-0102+15Ag+MOS_3958,,1.781943,2.430488,5.907274,29.634,,1.512314,5.279249,2.297662,30.108,,-0.269629,2.848761,-3.609612,0.474
0522c0149+9Ag+MOS_19199,,2.018191,3.026368,9.158905,27.973,,1.665061,8.149415,2.854718,28.456,,-0.35313,5.123047,-6.304187,0.483
HNSCC-01-0032+A4Ac+MOS_28516,,1.06167,1.999775,3.999101,31.444,,0.949636,3.477709,1.864862,31.933,,-0.112034,1.477934,-2.134239,0.489
HNSCC-01-0192+9Ag+MOS_19335,,1.20164,2.020921,4.084121,30.754,,0.928305,3.609403,1.899843,31.252,,-0.273335,1.588482,-2.184278,0.498
HNSCC-01-0072+A4Ac+MOS_48687,,0.971931,1.822576,3.321782,31.68,,0.997785,2.918427,1.708341,32.228,,0.025854,1.095851,-1.613441,0.548
HN_P007+15Ag+MOS_3989,,1.204886,1.667758,2.781417,31.478,,0.927469,2.411496,1.552899,32.055,,-0.277417,0.743738,-1.228518,0.577
HNSCC-01-0142+A4Ac+MOS_40956,,2.053958,2.920463,8.529106,27.999,,1.741862,7.384189,2.717386,28.591,,-0.312096,4.463726,-5.81172,0.592
HNSCC-01-0202+15Ag+MOS_0776,,1.204583,2.05142,4.208325,31.232,,0.949383,3.494923,1.869471,31.832,,-0.2552,1.443503,-2.338854,0.6
HN-CHUM-052+S215Ag+MOS_0878,,1.454804,1.976568,3.906823,31.495,,1.211383,3.363989,1.834118,32.104,,-0.243421,1.387421,-2.072705,0.609
HNC_174+9Ag+MOS_2982,,1.700932,2.668155,7.119053,29.149,,1.2954,6.142149,2.478336,29.764,,-0.405532,3.473994,-4.640717,0.615
HNSCC-01-0142+15Ag+MOS_40956,,1.756379,2.527596,6.388742,29.41,,1.597043,5.526205,2.350788,30.027,,-0.159336,2.998609,-4.037954,0.617
HN_P008+15Ag+MOS_23724,,1.696988,2.647947,7.011623,29.018,,1.463104,6.022745,2.454128,29.635,,-0.233884,3.374798,-4.557495,0.617
HNC_002+15Ag+MOS_3810,,1.565859,2.270868,5.156839,30.341,,1.287945,4.43671,2.10635,30.961,,-0.277914,2.165842,-3.050489,0.62
HNSCC-01-0032+15Ag+MOS_28516,,1.089929,1.882746,3.544731,32.065,,0.817649,2.97665,1.725297,32.687,,-0.27228,1.093904,-1.819434,0.622
HN_P016+A4Ac+MOS_33643,,1.455882,2.687562,7.222989,28.422,,1.440025,6.133152,2.47652,29.046,,-0.015857,3.44559,-4.746469,0.624
HNSCC-01-0022+9Ag+MOS_17906,,1.165439,2.05902,4.239564,31.11,,0.878981,3.629293,1.90507,31.738,,-0.286458,1.570273,-2.334494,0.628
HN_P016+15Ag+MOS_33643,,1.295334,2.46594,6.080858,29.182,,1.179237,5.218551,2.284415,29.825,,-0.116097,2.752611,-3.796443,0.643
HN_P001+A4Ac+MOS_15846,,2.30734,3.150021,9.922635,26.262,,1.85109,8.481964,2.912381,26.914,,-0.45625,5.331943,-7.010254,0.652
HNSCC-01-0182+15Ag+MOS_40942,,1.038332,1.778769,3.164019,32.526,,0.941498,2.693726,1.641257,33.188,,-0.096834,0.914957,-1.522762,0.662
HNSCC-01-0102+A4Ac+MOS_3958,,1.850048,2.647854,7.011129,28.848,,1.540298,5.947104,2.438668,29.521,,-0.30975,3.29925,-4.572461,0.673
HN_P029+S2A4Ac+MOS_58348,,0.814385,1.779111,3.165237,31.822,,0.834113,2.661726,1.63148,32.517,,0.019728,0.882615,-1.533757,0.695
HN-HGJ-066+S2A4Ac+MOS_7133,,1.350695,2.129539,4.534936,29.471,,1.081979,3.76962,1.941551,30.17,,-0.268716,1.640081,-2.593385,0.699
0522c0002+15Ag+MOS_21176,,1.673232,2.32665,5.4133,30.209,,1.460239,4.500329,2.121398,30.91,,-0.212993,2.173679,-3.291902,0.701
HNC_154+A4Ac+MOS_34515,,1.578525,2.300045,5.290209,30.163,,1.277843,4.425484,2.103683,30.869,,-0.300682,2.125439,-3.186526,0.706
HNSCC-01-0202+9Ag+MOS_0776,,1.289384,2.243228,5.032072,30.563,,0.949436,3.979772,1.994937,31.276,,-0.339948,1.736544,-3.037135,0.713
HN_P004+15Ag+MOS_11545,,1.634906,2.381516,5.671618,29.952,,1.236696,4.756265,2.180886,30.695,,-0.39821,2.374749,-3.490732,0.743
0522c0149+15Ag+MOS_19199,,1.61092,2.502463,6.262323,29.499,,1.336519,5.253452,2.292041,30.25,,-0.274401,2.750989,-3.970282,0.751
HNSCC-01-0002+9Ag+MOS_50349,,1.881767,2.970333,8.822879,28.096,,1.555858,7.395932,2.719546,28.849,,-0.325909,4.425599,-6.103333,0.753
0522c0248+9Ag+MOS_35667,,1.484861,2.401744,5.768373,29.899,,1.115245,4.81417,2.194122,30.653,,-0.369616,2.412426,-3.574251,0.754
HNC_012+9Ag+MOS_52380,,2.261515,3.126762,9.776638,28.113,,1.815076,7.677344,2.770802,28.868,,-0.446439,4.550582,-7.005836,0.755
HNC_164+9Ag+MOS_43334,,1.625157,2.473535,6.118376,29.712,,1.29564,5.121605,2.263096,30.468,,-0.329517,2.64807,-3.85528,0.756
HNC_093+9Ag+MOS_23707,,1.99466,3.003105,9.01864,28.084,,1.499164,7.363187,2.713519,28.859,,-0.495496,4.360082,-6.305121,0.775
HN_P019+A4Ac+MOS_51891,,1.704017,2.561587,6.561729,27.89,,1.410084,5.411172,2.326193,28.676,,-0.293933,2.849585,-4.235536,0.786
HN-HMR-025+S2A4Ac+MOS_5644,,2.26301,3.049127,9.297174,27.751,,1.926049,7.673027,2.770023,28.538,,-0.336961,4.6239,-6.527151,0.787
HNC_124+A4Ac+MOS_30300,,1.499815,2.299329,5.286915,30.037,,1.193739,4.331773,2.081291,30.844,,-0.306076,2.032444,-3.205624,0.807
HN_P018+9Ag+MOS_55296,,1.838367,2.939467,8.640468,27.18,,1.454843,6.878833,2.622753,27.993,,-0.383524,3.939366,-6.017715,0.813
HN-HGJ-077+S29Ag+MOS_22288,,1.833318,2.635913,6.948035,27.955,,1.518298,5.685449,2.384418,28.771,,-0.31502,3.049536,-4.563617,0.816
0522c0330+9Ag+MOS_59394,,2.000024,2.835902,8.042339,28.359,,1.663215,6.650745,2.578904,29.176,,-0.336809,3.814843,-5.463435,0.817
HN_P009+15Ag+MOS_48561,,1.83888,2.682178,7.194081,28.396,,1.41142,5.715242,2.390657,29.239,,-0.42746,3.033064,-4.803424,0.843
HN-HMR-025+S29Ag+MOS_5644,,2.120963,2.896424,8.389275,28.413,,1.706077,6.484055,2.546381,29.257,,-0.414886,3.587631,-5.842894,0.844
HNC_012+15Ag+MOS_52380,,1.869381,2.620884,6.869034,29.61,,1.596266,5.296875,2.301494,30.455,,-0.273115,2.675991,-4.56754,0.845
HNC_083+9Ag+MOS_55838,,1.196156,2.077615,4.316485,31.133,,0.950622,3.531647,1.879268,31.989,,-0.245534,1.454032,-2.437217,0.856
HNC_164+15Ag+MOS_43334,,1.318348,2.008129,4.032581,31.408,,1.072963,3.269825,1.808266,32.276,,-0.245385,1.261696,-2.224315,0.868
HN-CHUM-022+S2A4Ac+MOS_8675,,1.710257,2.41859,5.849577,29.632,,1.363001,4.752173,2.179948,30.501,,-0.347256,2.333583,-3.669629,0.869
HN-HGJ-077+S2A4Ac+MOS_22288,,1.785785,2.601503,6.767818,27.745,,1.505938,5.504105,2.346083,28.614,,-0.279847,2.902602,-4.421735,0.869
0522c0330+A4Ac+MOS_59394,,1.758733,2.597651,6.747793,29.101,,1.375441,5.471945,2.339219,29.971,,-0.383292,2.874294,-4.408574,0.87
HN_P007+A4Ac+MOS_3989,,1.489897,2.2326,4.984502,28.885,,1.110627,4.032667,2.00815,29.768,,-0.37927,1.800067,-2.976352,0.883
HNC_062+A4Ac+MOS_568,,2.721881,3.65837,13.383668,26.005,,2.162143,10.709308,3.272508,26.893,,-0.559738,7.050938,-10.11116,0.888
HN-HMR-005+S2A4Ac+MOS_398,,2.032661,2.91959,8.524007,28.239,,1.623654,6.692615,2.587009,29.137,,-0.409007,3.773025,-5.936998,0.898
HNC_073+A4Ac+MOS_58793,,2.072021,2.810068,7.89648,28.689,,1.628282,6.127067,2.475291,29.597,,-0.443739,3.316999,-5.421189,0.908
HNC_174+A4Ac+MOS_2982,,1.596724,2.721779,7.408081,28.849,,1.29758,5.960187,2.44135,29.772,,-0.299144,3.238408,-4.966731,0.923
HNC_042+A4Ac+MOS_52944,,1.343507,2.013444,4.053955,31.126,,1.007562,3.204827,1.790203,32.082,,-0.335945,1.191383,-2.263752,0.956
HN_P008+9Ag+MOS_23724,,2.070582,3.255898,10.60087,27.275,,1.654606,8.44698,2.906369,28.242,,-0.415976,5.191082,-7.694501,0.967
HNC_073+15Ag+MOS_58793,,1.555902,2.194751,4.816934,30.654,,1.27623,3.850789,1.962343,31.622,,-0.279672,1.656038,-2.854591,0.968
HNC_022+15Ag+MOS_53845,,1.477767,2.092919,4.380311,31.093,,1.136143,3.376054,1.837404,32.063,,-0.341624,1.283135,-2.542907,0.97
HNSCC-01-0102+9Ag+MOS_3958,,2.416412,3.365157,11.324284,26.865,,1.915106,8.943758,2.990612,27.848,,-0.501306,5.578601,-8.333672,0.983
HN_P022+A4Ac+MOS_33380,,1.513489,2.456843,6.036079,29.652,,1.184122,4.752592,2.180044,30.645,,-0.329367,2.295749,-3.856035,0.993
0522c0726+15Ag+MOS_21795,,1.814306,2.689864,7.235366,28.88,,1.365852,5.583641,2.362973,29.879,,-0.448454,2.893777,-4.872393,0.999
HN_P004+9Ag+MOS_11545,,1.949842,2.915059,8.497567,28.211,,1.46517,6.648511,2.578471,29.222,,-0.484672,3.733452,-5.919096,1.011
HNC_174+15Ag+MOS_2982,,1.521254,2.371372,5.623404,30.13,,1.206576,4.3919,2.095686,31.169,,-0.314678,2.020528,-3.527718,1.039
HNSCC-01-0162+9Ag+MOS_1626,,1.249527,2.123547,4.509452,31.056,,0.947961,3.545107,1.882845,32.096,,-0.301566,1.42156,-2.626607,1.04
HNC_124+9Ag+MOS_30300,,1.648254,2.446668,5.986184,29.552,,1.241943,4.634188,2.152716,30.595,,-0.406311,2.18752,-3.833468,1.043
0522c0657+A4Ac+MOS_56570,,2.103708,2.929259,8.580557,28.092,,1.632601,6.669466,2.582531,29.136,,-0.471107,3.740207,-5.998026,1.044
HN-CHUM-052+S29Ag+MOS_0878,,1.80873,2.45161,6.010389,29.548,,1.39751,4.684803,2.16444,30.601,,-0.41122,2.233193,-3.845949,1.053
HN_P002+A4Ac+MOS_31265,,2.142285,2.967696,8.80722,28.075,,1.634162,6.809435,2.609489,29.13,,-0.508123,3.841739,-6.197731,1.055
HNSCC-01-0162+A4Ac+MOS_1626,,1.160591,2.146757,4.608567,30.817,,1.019913,3.562156,1.887368,31.9,,-0.140678,1.415399,-2.721199,1.083
HNC_052+A4Ac+MOS_10560,,1.637465,2.573812,6.624508,28.986,,1.33187,5.126663,2.264214,30.096,,-0.305595,2.552851,-4.360294,1.11
0522c0657+9Ag+MOS_56570,,2.209011,3.134156,9.822932,27.699,,1.772545,7.55252,2.748185,28.824,,-0.436466,4.418364,-7.074747,1.125
HN_P033+9Ag+MOS_31339,,1.678962,2.628763,6.910394,27.994,,1.269823,5.139122,2.266963,29.133,,-0.409139,2.510359,-4.643431,1.139
HN-HMR-005+S215Ag+MOS_398,,1.849612,2.656755,7.058347,28.909,,1.466787,5.394893,2.322691,30.054,,-0.382825,2.738138,-4.735656,1.145
HNC_194+A4Ac+MOS_44393,,1.728735,2.428436,5.897302,29.736,,1.273955,4.415323,2.101267,30.916,,-0.45478,1.986887,-3.796035,1.18
HNC_134+15Ag+MOS_56919,,1.285049,1.911543,3.653996,31.826,,1.001497,2.738189,1.654747,33.022,,-0.283552,0.826646,-1.999249,1.196
HN_P004+A4Ac+MOS_11545,,1.875429,2.826472,7.988946,28.618,,1.409424,5.792234,2.406706,29.838,,-0.466005,2.965762,-5.58224,1.22
0522c0002+A4Ac+MOS_21176,,1.613393,2.284757,5.220114,30.209,,1.256074,3.93663,1.984094,31.434,,-0.357319,1.651873,-3.23602,1.225
HNC_134+A4Ac+MOS_56919,,1.486692,2.343417,5.491602,30.032,,1.1265,4.02954,2.007371,31.257,,-0.360192,1.686123,-3.484231,1.225
HNSCC-01-0142+9Ag+MOS_40956,,2.304753,3.25213,10.57635,27.23,,1.900793,7.89279,2.809411,28.476,,-0.40396,4.64066,-7.766939,1.246
HN_P014+A4Ac+MOS_24806,,2.539208,3.370142,11.357858,26.014,,2.038403,8.403544,2.898887,27.27,,-0.500805,5.033402,-8.458971,1.256
HN_P033+15Ag+MOS_31339,,1.351663,2.031534,4.127131,30.156,,1.017885,3.046648,1.745465,31.42,,-0.333778,1.015114,-2.381666,1.264
HNC_154+15Ag+MOS_34515,,1.546014,2.16692,4.695544,30.73,,1.128814,3.48481,1.866765,31.997,,-0.4172,1.31789,-2.828779,1.267
0522c0806+A4Ac+MOS_26428,,2.058665,2.821129,7.958767,28.457,,1.560581,5.901577,2.429316,29.731,,-0.498084,3.080448,-5.529451,1.274
HN-CHUM-022+S215Ag+MOS_8675,,1.500371,2.215269,4.907419,30.397,,1.192981,3.650473,1.910621,31.679,,-0.30739,1.435204,-2.996798,1.282
HN_P009+A4Ac+MOS_48561,,2.15273,3.03498,9.211104,27.004,,1.592481,6.747572,2.597609,28.289,,-0.560249,3.712592,-6.613495,1.285
0522c0149+A4Ac+MOS_19199,,1.625699,2.462361,6.06322,29.598,,1.273509,4.455599,2.110829,30.884,,-0.35219,1.993238,-3.952391,1.286
HN_P011+15Ag+MOS_35340,,1.552188,2.246771,5.047979,29.254,,1.19042,3.663019,1.913901,30.552,,-0.361768,1.416248,-3.134078,1.298
HN_P011+A4Ac+MOS_35340,,1.752027,2.69416,7.258498,27.452,,1.377631,5.216004,2.283857,28.773,,-0.374396,2.521844,-4.974641,1.321
HN-CHUM-022+S29Ag+MOS_8675,,1.851642,2.628899,6.911108,28.969,,1.40289,5.076536,2.253117,30.293,,-0.448752,2.447637,-4.657991,1.324
HN_P002+9Ag+MOS_31265,,2.200982,3.115397,9.705699,27.716,,1.660609,6.959674,2.638119,29.049,,-0.540373,3.844277,-7.06758,1.333
HN_P012+9Ag+MOS_39765,,2.315916,3.27338,10.715014,26.899,,1.608322,7.222826,2.687531,28.295,,-0.707594,3.949446,-8.027483,1.396
HN_P027+15Ag+MOS_8319,,1.711903,2.439204,5.949717,29.595,,1.326449,4.282078,2.069318,30.994,,-0.385454,1.842874,-3.880399,1.399
HNC_194+15Ag+MOS_44393,,1.46558,2.023688,4.095315,31.37,,1.055397,2.90315,1.703863,32.801,,-0.410183,0.879462,-2.391452,1.431
HNSCC-01-0152+15Ag+MOS_4794,,1.313274,2.150467,4.624508,30.816,,0.958976,3.310926,1.819595,32.255,,-0.354298,1.160459,-2.804913,1.439
HN_P010+9Ag+MOS_20568,,1.424346,2.770775,7.677192,27.368,,1.066475,5.404115,2.324675,28.815,,-0.357871,2.63334,-5.352517,1.447
HN_P015+9Ag+MOS_6827,,2.471575,3.951496,15.614322,27.136,,1.815123,10.434754,3.230287,28.594,,-0.656452,6.483258,-12.384035,1.458
HNC_052+9Ag+MOS_10560,,1.587285,2.402993,5.774375,29.596,,1.15227,4.098777,2.024544,31.058,,-0.435015,1.695784,-3.749831,1.462
HN_P033+S2A4Ac+MOS_31339,,1.578757,2.483445,6.167498,28.258,,1.221561,4.249916,2.061532,29.722,,-0.357196,1.766471,-4.105966,1.464
HN_P009+9Ag+MOS_48561,,2.356536,3.403587,11.584402,26.529,,1.651578,7.999876,2.828405,28.013,,-0.704958,4.596289,-8.755997,1.484
HNC_022+A4Ac+MOS_53845,,1.985191,2.771143,7.679231,28.493,,1.406729,5.41133,2.326227,29.983,,-0.578462,2.640187,-5.353004,1.49
HNC_032+15Ag+MOS_59198,,1.428225,2.16602,4.691642,31.175,,1.095913,3.243253,1.800903,32.669,,-0.332312,1.077233,-2.890739,1.494
HN_P027+9Ag+MOS_8319,,2.23683,3.183801,10.136586,27.248,,1.632532,7.140355,2.672144,28.743,,-0.604298,3.956554,-7.464442,1.495
HNC_032+A4Ac+MOS_59198,,1.657252,2.411483,5.815252,29.836,,1.142503,4.077449,2.01927,31.342,,-0.514749,1.665966,-3.795982,1.506
HNC_083+15Ag+MOS_55838,,1.139616,1.897202,3.599374,31.948,,0.817149,2.539869,1.593697,33.456,,-0.322467,0.642667,-2.005677,1.508
HNSCC-01-0182+9Ag+MOS_40942,,1.33175,2.367528,5.605188,30.019,,1.013125,3.901219,1.97515,31.537,,-0.318625,1.533691,-3.630038,1.518
HNC_002+A4Ac+MOS_3810,,1.694781,2.510378,6.301996,29.574,,1.224619,4.290697,2.0714,31.099,,-0.470162,1.780319,-4.230596,1.525
HN_P022+9Ag+MOS_33380,,1.559815,2.386287,5.694365,29.937,,1.066275,3.968069,1.992001,31.463,,-0.49354,1.581782,-3.702364,1.526
HNSCC-01-0152+9Ag+MOS_4794,,1.442137,2.401778,5.768537,29.89,,0.960088,4.017055,2.004259,31.438,,-0.482049,1.615277,-3.764278,1.548
HNC_073+9Ag+MOS_58793,,2.075989,2.921205,8.533439,28.282,,1.569608,5.868121,2.422421,29.85,,-0.506381,2.946916,-6.111018,1.568
HNC_184+A4Ac+MOS_32779,,1.612088,2.606327,6.792939,29.504,,1.093151,4.546548,2.132264,31.088,,-0.518937,1.940221,-4.660675,1.584
HNC_022+9Ag+MOS_53845,,1.880393,2.654008,7.043758,28.949,,1.330261,4.794126,2.189549,30.551,,-0.550132,2.140118,-4.854209,1.602
HNSCC-01-0032+9Ag+MOS_28516,,1.27823,2.325118,5.406174,30.188,,0.891975,3.681989,1.918851,31.795,,-0.386255,1.356871,-3.487323,1.607
HN-HGJ-066+S29Ag+MOS_7133,,1.646913,2.564344,6.575858,28.055,,1.138553,4.503789,2.122213,29.678,,-0.50836,1.939445,-4.453645,1.623
HNC_042+15Ag+MOS_52944,,1.476822,2.106428,4.437038,30.737,,0.998874,3.019424,1.737649,32.362,,-0.477948,0.912996,-2.699389,1.625
HNC_012+A4Ac+MOS_52380,,2.201592,3.024273,9.146229,27.864,,1.607791,6.198125,2.489603,29.494,,-0.593801,3.173852,-6.656626,1.63
HNC_154+9Ag+MOS_34515,,1.943476,2.748882,7.55635,28.677,,1.337981,5.152727,2.269962,30.311,,-0.605495,2.403845,-5.286388,1.634
HN-HMR-005+S29Ag+MOS_398,,2.296848,3.286911,10.803782,27.153,,1.67262,7.345142,2.710192,28.802,,-0.624228,4.058231,-8.09359,1.649
HNC_002+9Ag+MOS_3810,,1.950365,2.795682,7.815839,28.634,,1.349862,5.281867,2.298231,30.304,,-0.600503,2.486185,-5.517608,1.67
0522c0455+9Ag+MOS_0299,,1.801981,2.726883,7.435891,28.756,,1.309732,4.956853,2.226399,30.445,,-0.492249,2.22997,-5.209492,1.689
HN_P012+15Ag+MOS_39765,,1.717636,2.407182,5.794527,29.53,,1.193318,3.732322,1.931922,31.239,,-0.524318,1.32514,-3.862605,1.709
HNC_134+9Ag+MOS_56919,,1.642061,2.529016,6.395924,29.522,,1.14116,4.201463,2.049747,31.232,,-0.500901,1.672447,-4.346177,1.71
HNC_124+15Ag+MOS_30300,,1.561823,2.229644,4.971314,30.326,,1.098678,3.305635,1.818141,32.051,,-0.463145,1.075991,-3.153173,1.725
0522c0806+9Ag+MOS_26428,,2.181483,3.039809,9.240438,27.999,,1.64193,6.13707,2.477311,29.74,,-0.539553,3.097261,-6.763127,1.741
HN_P011+9Ag+MOS_35340,,2.023595,3.036495,9.220303,26.689,,1.432036,6.025137,2.454615,28.476,,-0.591559,2.988642,-6.765688,1.787
HN_P027+A4Ac+MOS_8319,,2.086385,3.025256,9.152174,27.809,,1.489639,5.900167,2.429026,29.627,,-0.596746,2.874911,-6.723148,1.818
HNC_042+9Ag+MOS_52944,,1.698405,2.516857,6.334571,29.264,,1.105304,4.058011,2.01445,31.156,,-0.593101,1.541154,-4.320121,1.892
HNSCC-01-0152+A4Ac+MOS_4794,,1.379409,2.473261,6.11702,29.638,,1.028409,3.915686,1.978809,31.549,,-0.351,1.442425,-4.138211,1.911
0522c0726+9Ag+MOS_21795,,2.172048,3.226856,10.412601,27.319,,1.469361,6.503897,2.550274,29.352,,-0.702687,3.277041,-7.862327,2.033
HN_P012+A4Ac+MOS_39765,,2.194999,3.059768,9.362179,27.194,,1.437232,5.651971,2.377388,29.295,,-0.757767,2.592203,-6.984791,2.101
HNC_194+9Ag+MOS_44393,,1.987111,2.793963,7.806229,28.719,,1.269223,4.536816,2.12998,30.954,,-0.717888,1.742853,-5.676249,2.235
HNC_032+9Ag+MOS_59198,,1.962455,2.909728,8.466518,29.048,,1.301651,4.777304,2.185704,31.312,,-0.660804,1.867576,-6.280814,2.264
HNSCC-01-0072+15Ag+MOS_48687,,1.087832,1.919834,3.685763,31.336,,0.780401,2.095932,1.447734,33.706,,-0.307431,0.176098,-2.238029,2.37
0522c0455+15Ag+MOS_0299,,1.633918,2.448101,5.993201,29.714,,1.111657,3.393501,1.842146,32.15,,-0.522261,0.9454,-4.151055,2.436
HNSCC-01-0072+9Ag+MOS_48687,,1.235203,2.122971,4.507005,30.508,,0.797069,2.484205,1.576136,33.005,,-0.438134,0.361234,-2.930869,2.497
