NO.,Para_item,Para_num,ROI,Matched_ROI,Unit,X1,Y1,X2,Y2,Item,Score,Function,Para_a,Para_b,Para_c
1,D,95%,PTV,PTV,Gy,<=58.2,0,>=60,10,55.83Gy,0.00,,,,
2,D,98%,PTV,PTV,Gy,<=55.8,0,>=58.2,7,54.38Gy,0.00,,,,
3,D,2%,PTV,PTV,Gy,<=64.8,7,>=67.8,0,62.64Gy,7.00,,,,
4,V,54Gy,PTV,PTV,%,<=98,0,>=100,8,98.59%,2.38,,,,
5,V,66Gy,PTV,PTV,%,<=0,4,>=5,0,0.00%,4.00,,,,
6,HI,,PTV,PTV,,<=0.10,5,>=0.15,0,0.14,1.42,,,,
7,CI,60Gy,PTV,PTV,,<=0.50,0,>=0.80,5,0.52,0.28,,,,
8,V,5Gy,Total Lung,Total Lung,%,<=40,5,>=45,0,,,,,,
9,V,10Gy,Total Lung,Total Lung,%,<=35,5,>=40,0,,,,,,
10,V,20Gy,Total Lung,Total Lung,%,<=25,8,>=30,0,,,,,,
11,V,30Gy,Total Lung,Total Lung,%,<=18,5,>=22,0,,,,,,
12,D,Mean,Total Lung,Total Lung,Gy,<=18,5,>=20,0,,,,,,
13,V,35Gy,Esophagus,Esophagus,%,<=45,5,>=55,0,,,,,,
14,D,Mean,Esophagus,Esophagus,Gy,<=30,5,>=34,0,,,,,,
15,D,Max,Esophagus,Esophagus,Gy,<=66,5,>=70,0,,,,,,
16,V,30Gy,Heart,Heart,%,<=30,4,>=40,0,,,,,,
17,V,40Gy,Heart,Heart,%,<=20,4,>=30,0,,,,,,
18,D,Mean,Heart,Heart,Gy,<=15,4,>=20,0,,,,,,
19,D,Max,Spinal Cord,Spinal Cord,Gy,<=45,10,>=50,0,,,,,,
20,D,Mean,Trachea,Trachea,Gy,<=30,3,>=35,0,,,,,,
21,D,Max,Trachea,Trachea,Gy,<=60,5,>=65,0,,,,,,
22,V,15Gy,LAD,LAD,%,<=10,3,>=15,0,,,,,,
23,V,30Gy,LAD,LAD,%,<=5,3,>=10,0,,,,,,
24,D,Mean,LAD,LAD,Gy,<=10,4,>=15,0,,,,,,
25,D,Max,LAD,LAD,Gy,<=40,5,>=45,0,,,,,,