PID,PlanID,isVMAT,cohort,site,phase,dev_split,npz_path,D05_div_D95,max_div_D95
HNC_001,15Ag,FALSE,3,1,train,train,C:/Users/960/Desktop/Top2/data/dataset_update_0214/HNC_001+15Ag+MOS_25934.npz,1.041,1.076
HNC_001,9Ag,FALSE,3,1,train,train,C:/Users/960/Desktop/Top2/data/dataset_update_0214/HNC_001+9Ag+MOS_25934.npz,1.047,1.073
HNC_001,A4Ac,TRUE,3,1,train,train,C:/Users/960/Desktop/Top2/data/dataset_update_0214/HNC_001+A4Ac+MOS_25934.npz,1.041,1.072
HNC_003,15Ag,FALSE,3,1,train,train,C:/Users/960/Desktop/Top2/data/dataset_update_0214/HNC_003+15Ag+MOS_11857.npz,1.038,1.077
HNC_003,9Ag,FALSE,3,1,train,train,C:/Users/960/Desktop/Top2/data/dataset_update_0214/HNC_003+9Ag+MOS_11857.npz,1.039,1.074
HNC_003,A4Ac,TRUE,3,1,train,train,C:/Users/960/Desktop/Top2/data/dataset_update_0214/HNC_003+A4Ac+MOS_11857.npz,1.031,1.058
HNC_004,15Ag,FALSE,3,1,train,train,C:/Users/960/Desktop/Top2/data/dataset_update_0214/HNC_004+15Ag+MOS_11506.npz,1.039,1.066
HNC_004,9Ag,FALSE,3,1,train,train,C:/Users/960/Desktop/Top2/data/dataset_update_0214/HNC_004+9Ag+MOS_11506.npz,1.045,1.078
HNC_004,A4Ac,TRUE,3,1,train,train,C:/Users/960/Desktop/Top2/data/dataset_update_0214/HNC_004+A4Ac+MOS_11506.npz,1.032,1.057
HNC_005,15Ag,FALSE,3,1,train,train,C:/Users/960/Desktop/Top2/data/dataset_update_0214/HNC_005+15Ag+MOS_24770.npz,1.034,1.051
HNC_005,9Ag,FALSE,3,1,train,train,C:/Users/960/Desktop/Top2/data/dataset_update_0214/HNC_005+9Ag+MOS_24770.npz,1.046,1.073
HNC_005,A4Ac,TRUE,3,1,train,train,C:/Users/960/Desktop/Top2/data/dataset_update_0214/HNC_005+A4Ac+MOS_24770.npz,1.029,1.046
HNC_006,15Ag,FALSE,3,1,train,train,C:/Users/960/Desktop/Top2/data/dataset_update_0214/HNC_006+15Ag+MOS_4563.npz,1.034,1.044
HNC_006,9Ag,FALSE,3,1,train,train,C:/Users/960/Desktop/Top2/data/dataset_update_0214/HNC_006+9Ag+MOS_4563.npz,1.032,1.044
HNC_006,A4Ac,TRUE,3,1,train,train,C:/Users/960/Desktop/Top2/data/dataset_update_0214/HNC_006+A4Ac+MOS_4563.npz,1.029,1.039
HNC_007,15Ag,FALSE,3,1,train,train,C:/Users/960/Desktop/Top2/data/dataset_update_0214/HNC_007+15Ag+MOS_27129.npz,1.035,1.064
HNC_007,9Ag,FALSE,3,1,train,train,C:/Users/960/Desktop/Top2/data/dataset_update_0214/HNC_007+9Ag+MOS_27129.npz,1.037,1.059
HNC_007,A4Ac,TRUE,3,1,train,train,C:/Users/960/Desktop/Top2/data/dataset_update_0214/HNC_007+A4Ac+MOS_27129.npz,1.029,1.039
HNC_008,15Ag,FALSE,3,1,train,train,C:/Users/960/Desktop/Top2/data/dataset_update_0214/HNC_008+15Ag+MOS_42363.npz,1.028,1.035
HNC_008,9Ag,FALSE,3,1,train,train,C:/Users/960/Desktop/Top2/data/dataset_update_0214/HNC_008+9Ag+MOS_42363.npz,1.032,1.037
HNC_008,A4Ac,TRUE,3,1,train,train,C:/Users/960/Desktop/Top2/data/dataset_update_0214/HNC_008+A4Ac+MOS_42363.npz,1.026,1.03
HNC_009,15Ag,FALSE,3,1,train,train,C:/Users/960/Desktop/Top2/data/dataset_update_0214/HNC_009+15Ag+MOS_51704.npz,1.031,1.048
HNC_009,9Ag,FALSE,3,1,train,train,C:/Users/960/Desktop/Top2/data/dataset_update_0214/HNC_009+9Ag+MOS_51704.npz,1.033,1.053
HNC_009,A4Ac,TRUE,3,1,train,train,C:/Users/960/Desktop/Top2/data/dataset_update_0214/HNC_009+A4Ac+MOS_51704.npz,1.026,1.036
HNC_010,A4Ac,TRUE,3,1,train,train,C:/Users/960/Desktop/Top2/data/dataset_update_0214/HNC_010+A4Ac+MOS_16894.npz,1.044,1.101
HNC_011,15Ag,FALSE,3,1,train,train,C:/Users/960/Desktop/Top2/data/dataset_update_0214/HNC_011+15Ag+MOS_8184.npz,1.037,1.114
HNC_011,9Ag,FALSE,3,1,train,train,C:/Users/960/Desktop/Top2/data/dataset_update_0214/HNC_011+9Ag+MOS_8184.npz,1.042,1.079
HNC_011,A4Ac,TRUE,3,1,train,train,C:/Users/960/Desktop/Top2/data/dataset_update_0214/HNC_011+A4Ac+MOS_8184.npz,1.029,1.079
HNC_013,A4Ac,TRUE,3,1,train,train,C:/Users/960/Desktop/Top2/data/dataset_update_0214/HNC_013+A4Ac+MOS_50509.npz,1.043,1.136
HNC_014,15Ag,FALSE,3,1,train,train,C:/Users/960/Desktop/Top2/data/dataset_update_0214/HNC_014+15Ag+MOS_34208.npz,1.028,1.195
HNC_014,9Ag,FALSE,3,1,train,train,C:/Users/960/Desktop/Top2/data/dataset_update_0214/HNC_014+9Ag+MOS_34208.npz,1.031,1.155
HNC_014,A4Ac,TRUE,3,1,train,train,C:/Users/960/Desktop/Top2/data/dataset_update_0214/HNC_014+A4Ac+MOS_34208.npz,1.023,1.045
HNC_015,15Ag,FALSE,3,1,train,train,C:/Users/960/Desktop/Top2/data/dataset_update_0214/HNC_015+15Ag+MOS_50516.npz,1.027,1.048
HNC_015,9Ag,FALSE,3,1,train,train,C:/Users/960/Desktop/Top2/data/dataset_update_0214/HNC_015+9Ag+MOS_50516.npz,1.03,1.052
HNC_015,A4Ac,TRUE,3,1,train,train,C:/Users/960/Desktop/Top2/data/dataset_update_0214/HNC_015+A4Ac+MOS_50516.npz,1.027,1.043
HNC_016,9Ag,FALSE,3,1,train,train,C:/Users/960/Desktop/Top2/data/dataset_update_0214/HNC_016+9Ag+MOS_7877.npz,1.042,1.077
HNC_016,A4Ac,TRUE,3,1,train,train,C:/Users/960/Desktop/Top2/data/dataset_update_0214/HNC_016+A4Ac+MOS_7877.npz,1.034,1.053
HNC_017,15Ag,FALSE,3,1,train,train,C:/Users/960/Desktop/Top2/data/dataset_update_0214/HNC_017+15Ag+MOS_28119.npz,1.037,1.062
HNC_017,9Ag,FALSE,3,1,train,train,C:/Users/960/Desktop/Top2/data/dataset_update_0214/HNC_017+9Ag+MOS_28119.npz,1.036,1.062
HNC_017,A4Ac,TRUE,3,1,train,train,C:/Users/960/Desktop/Top2/data/dataset_update_0214/HNC_017+A4Ac+MOS_28119.npz,1.032,1.056
HNC_018,15Ag,FALSE,3,1,train,train,C:/Users/960/Desktop/Top2/data/dataset_update_0214/HNC_018+15Ag+MOS_48819.npz,1.033,1.063
HNC_018,9Ag,FALSE,3,1,train,train,C:/Users/960/Desktop/Top2/data/dataset_update_0214/HNC_018+9Ag+MOS_48819.npz,1.031,1.055
HNC_018,A4Ac,TRUE,3,1,train,train,C:/Users/960/Desktop/Top2/data/dataset_update_0214/HNC_018+A4Ac+MOS_48819.npz,1.029,1.052
HNC_019,15Ag,FALSE,3,1,train,train,C:/Users/960/Desktop/Top2/data/dataset_update_0214/HNC_019+15Ag+MOS_5955.npz,1.037,1.061
HNC_019,9Ag,FALSE,3,1,train,train,C:/Users/960/Desktop/Top2/data/dataset_update_0214/HNC_019+9Ag+MOS_5955.npz,1.035,1.072
HNC_019,A4Ac,TRUE,3,1,train,train,C:/Users/960/Desktop/Top2/data/dataset_update_0214/HNC_019+A4Ac+MOS_5955.npz,1.034,1.058
HNC_020,15Ag,FALSE,3,1,train,train,C:/Users/960/Desktop/Top2/data/dataset_update_0214/HNC_020+15Ag+MOS_0534.npz,1.041,1.092
HNC_020,9Ag,FALSE,3,1,train,train,C:/Users/960/Desktop/Top2/data/dataset_update_0214/HNC_020+9Ag+MOS_0534.npz,1.035,1.094
HNC_020,A4Ac,TRUE,3,1,train,train,C:/Users/960/Desktop/Top2/data/dataset_update_0214/HNC_020+A4Ac+MOS_0534.npz,1.032,1.056
HNC_023,15Ag,FALSE,3,1,train,train,C:/Users/960/Desktop/Top2/data/dataset_update_0214/HNC_023+15Ag+MOS_41560.npz,1.033,1.048
HNC_023,9Ag,FALSE,3,1,train,train,C:/Users/960/Desktop/Top2/data/dataset_update_0214/HNC_023+9Ag+MOS_41560.npz,1.041,1.061
HNC_023,A4Ac,TRUE,3,1,train,train,C:/Users/960/Desktop/Top2/data/dataset_update_0214/HNC_023+A4Ac+MOS_41560.npz,1.035,1.046
HNC_024,15Ag,FALSE,3,1,train,train,C:/Users/960/Desktop/Top2/data/dataset_update_0214/HNC_024+15Ag+MOS_17487.npz,1.043,1.091
HNC_024,9Ag,FALSE,3,1,train,train,C:/Users/960/Desktop/Top2/data/dataset_update_0214/HNC_024+9Ag+MOS_17487.npz,1.045,1.09
HNC_024,A4Ac,TRUE,3,1,train,train,C:/Users/960/Desktop/Top2/data/dataset_update_0214/HNC_024+A4Ac+MOS_17487.npz,1.034,1.056
HNC_025,15Ag,FALSE,3,1,train,train,C:/Users/960/Desktop/Top2/data/dataset_update_0214/HNC_025+15Ag+MOS_49777.npz,1.032,1.047
HNC_025,9Ag,FALSE,3,1,train,train,C:/Users/960/Desktop/Top2/data/dataset_update_0214/HNC_025+9Ag+MOS_49777.npz,1.036,1.066
HNC_025,A4Ac,TRUE,3,1,train,train,C:/Users/960/Desktop/Top2/data/dataset_update_0214/HNC_025+A4Ac+MOS_49777.npz,1.03,1.051
HNC_026,15Ag,FALSE,3,1,train,train,C:/Users/960/Desktop/Top2/data/dataset_update_0214/HNC_026+15Ag+MOS_58832.npz,1.041,1.078
HNC_026,9Ag,FALSE,3,1,train,train,C:/Users/960/Desktop/Top2/data/dataset_update_0214/HNC_026+9Ag+MOS_58832.npz,1.049,1.078
HNC_026,A4Ac,TRUE,3,1,train,train,C:/Users/960/Desktop/Top2/data/dataset_update_0214/HNC_026+A4Ac+MOS_58832.npz,1.038,1.071
HNC_027,A4Ac,TRUE,3,1,train,train,C:/Users/960/Desktop/Top2/data/dataset_update_0214/HNC_027+A4Ac+MOS_17377.npz,1.053,1.135
HNC_028,15Ag,FALSE,3,1,train,train,C:/Users/960/Desktop/Top2/data/dataset_update_0214/HNC_028+15Ag+MOS_31416.npz,1.03,1.046
HNC_028,9Ag,FALSE,3,1,train,train,C:/Users/960/Desktop/Top2/data/dataset_update_0214/HNC_028+9Ag+MOS_31416.npz,1.035,1.051
HNC_028,A4Ac,TRUE,3,1,train,train,C:/Users/960/Desktop/Top2/data/dataset_update_0214/HNC_028+A4Ac+MOS_31416.npz,1.029,1.046
HNC_029,15Ag,FALSE,3,1,train,train,C:/Users/960/Desktop/Top2/data/dataset_update_0214/HNC_029+15Ag+MOS_52132.npz,1.047,1.09
HNC_029,9Ag,FALSE,3,1,train,train,C:/Users/960/Desktop/Top2/data/dataset_update_0214/HNC_029+9Ag+MOS_52132.npz,1.053,1.125
HNC_029,A4Ac,TRUE,3,1,train,train,C:/Users/960/Desktop/Top2/data/dataset_update_0214/HNC_029+A4Ac+MOS_52132.npz,1.044,1.088
HNC_030,15Ag,FALSE,3,1,train,train,C:/Users/960/Desktop/Top2/data/dataset_update_0214/HNC_030+15Ag+MOS_3259.npz,1.037,1.064
HNC_030,9Ag,FALSE,3,1,train,train,C:/Users/960/Desktop/Top2/data/dataset_update_0214/HNC_030+9Ag+MOS_3259.npz,1.035,1.05
HNC_030,A4Ac,TRUE,3,1,train,train,C:/Users/960/Desktop/Top2/data/dataset_update_0214/HNC_030+A4Ac+MOS_3259.npz,1.029,1.043
HNC_031,15Ag,FALSE,3,1,train,train,C:/Users/960/Desktop/Top2/data/dataset_update_0214/HNC_031+15Ag+MOS_58298.npz,1.041,1.08
HNC_031,9Ag,FALSE,3,1,train,train,C:/Users/960/Desktop/Top2/data/dataset_update_0214/HNC_031+9Ag+MOS_58298.npz,1.041,1.071
HNC_031,A4Ac,TRUE,3,1,train,train,C:/Users/960/Desktop/Top2/data/dataset_update_0214/HNC_031+A4Ac+MOS_58298.npz,1.032,1.053
HNC_033,15Ag,FALSE,3,1,train,train,C:/Users/960/Desktop/Top2/data/dataset_update_0214/HNC_033+15Ag+MOS_1673.npz,1.04,1.096
HNC_033,9Ag,FALSE,3,1,train,train,C:/Users/960/Desktop/Top2/data/dataset_update_0214/HNC_033+9Ag+MOS_1673.npz,1.047,1.097
HNC_033,A4Ac,TRUE,3,1,train,train,C:/Users/960/Desktop/Top2/data/dataset_update_0214/HNC_033+A4Ac+MOS_1673.npz,1.037,1.085
HNC_034,15Ag,FALSE,3,1,train,train,C:/Users/960/Desktop/Top2/data/dataset_update_0214/HNC_034+15Ag+MOS_55214.npz,1.03,1.054
HNC_034,9Ag,FALSE,3,1,train,train,C:/Users/960/Desktop/Top2/data/dataset_update_0214/HNC_034+9Ag+MOS_55214.npz,1.033,1.072
HNC_034,A4Ac,TRUE,3,1,train,train,C:/Users/960/Desktop/Top2/data/dataset_update_0214/HNC_034+A4Ac+MOS_55214.npz,1.029,1.047
HNC_035,15Ag,FALSE,3,1,train,train,C:/Users/960/Desktop/Top2/data/dataset_update_0214/HNC_035+15Ag+MOS_4424.npz,1.035,1.061
HNC_035,9Ag,FALSE,3,1,train,train,C:/Users/960/Desktop/Top2/data/dataset_update_0214/HNC_035+9Ag+MOS_4424.npz,1.035,1.061
HNC_035,A4Ac,TRUE,3,1,train,train,C:/Users/960/Desktop/Top2/data/dataset_update_0214/HNC_035+A4Ac+MOS_4424.npz,1.03,1.045
HNC_036,15Ag,FALSE,3,1,train,train,C:/Users/960/Desktop/Top2/data/dataset_update_0214/HNC_036+15Ag+MOS_5986.npz,1.033,1.057
HNC_036,9Ag,FALSE,3,1,train,train,C:/Users/960/Desktop/Top2/data/dataset_update_0214/HNC_036+9Ag+MOS_5986.npz,1.036,1.056
HNC_036,A4Ac,TRUE,3,1,train,train,C:/Users/960/Desktop/Top2/data/dataset_update_0214/HNC_036+A4Ac+MOS_5986.npz,1.029,1.046
HNC_037,15Ag,FALSE,3,1,train,train,C:/Users/960/Desktop/Top2/data/dataset_update_0214/HNC_037+15Ag+MOS_37907.npz,1.038,1.056
HNC_037,9Ag,FALSE,3,1,train,train,C:/Users/960/Desktop/Top2/data/dataset_update_0214/HNC_037+9Ag+MOS_37907.npz,1.033,1.048
HNC_037,A4Ac,TRUE,3,1,train,train,C:/Users/960/Desktop/Top2/data/dataset_update_0214/HNC_037+A4Ac+MOS_37907.npz,1.025,1.061
HNC_038,15Ag,FALSE,3,1,train,train,C:/Users/960/Desktop/Top2/data/dataset_update_0214/HNC_038+15Ag+MOS_18547.npz,1.036,1.08
HNC_038,9Ag,FALSE,3,1,train,train,C:/Users/960/Desktop/Top2/data/dataset_update_0214/HNC_038+9Ag+MOS_18547.npz,1.04,1.083
HNC_038,A4Ac,TRUE,3,1,train,train,C:/Users/960/Desktop/Top2/data/dataset_update_0214/HNC_038+A4Ac+MOS_18547.npz,1.028,1.051
HNC_039,15Ag,FALSE,3,1,train,train,C:/Users/960/Desktop/Top2/data/dataset_update_0214/HNC_039+15Ag+MOS_29684.npz,1.036,1.059
HNC_039,9Ag,FALSE,3,1,train,train,C:/Users/960/Desktop/Top2/data/dataset_update_0214/HNC_039+9Ag+MOS_29684.npz,1.039,1.065
HNC_039,A4Ac,TRUE,3,1,train,train,C:/Users/960/Desktop/Top2/data/dataset_update_0214/HNC_039+A4Ac+MOS_29684.npz,1.03,1.052
HNC_040,15Ag,FALSE,3,1,train,train,C:/Users/960/Desktop/Top2/data/dataset_update_0214/HNC_040+15Ag+MOS_25208.npz,1.031,1.054
HNC_040,9Ag,FALSE,3,1,train,train,C:/Users/960/Desktop/Top2/data/dataset_update_0214/HNC_040+9Ag+MOS_25208.npz,1.033,1.055
HNC_040,A4Ac,TRUE,3,1,train,train,C:/Users/960/Desktop/Top2/data/dataset_update_0214/HNC_040+A4Ac+MOS_25208.npz,1.029,1.042
HNC_041,15Ag,FALSE,3,1,train,train,C:/Users/960/Desktop/Top2/data/dataset_update_0214/HNC_041+15Ag+MOS_52522.npz,1.03,1.059
HNC_041,9Ag,FALSE,3,1,train,train,C:/Users/960/Desktop/Top2/data/dataset_update_0214/HNC_041+9Ag+MOS_52522.npz,1.034,1.061
HNC_041,A4Ac,TRUE,3,1,train,train,C:/Users/960/Desktop/Top2/data/dataset_update_0214/HNC_041+A4Ac+MOS_52522.npz,1.031,1.063
HNC_043,15Ag,FALSE,3,1,train,train,C:/Users/960/Desktop/Top2/data/dataset_update_0214/HNC_043+15Ag+MOS_24823.npz,1.063,1.086
HNC_043,9Ag,FALSE,3,1,train,train,C:/Users/960/Desktop/Top2/data/dataset_update_0214/HNC_043+9Ag+MOS_24823.npz,1.07,1.103
HNC_043,A4Ac,TRUE,3,1,train,train,C:/Users/960/Desktop/Top2/data/dataset_update_0214/HNC_043+A4Ac+MOS_24823.npz,1.073,1.096
HNC_045,15Ag,FALSE,3,1,train,train,C:/Users/960/Desktop/Top2/data/dataset_update_0214/HNC_045+15Ag+MOS_39737.npz,1.029,1.043
HNC_045,9Ag,FALSE,3,1,train,train,C:/Users/960/Desktop/Top2/data/dataset_update_0214/HNC_045+9Ag+MOS_39737.npz,1.03,1.056
HNC_045,A4Ac,TRUE,3,1,train,train,C:/Users/960/Desktop/Top2/data/dataset_update_0214/HNC_045+A4Ac+MOS_39737.npz,1.029,1.046
HNC_047,15Ag,FALSE,3,1,train,train,C:/Users/960/Desktop/Top2/data/dataset_update_0214/HNC_047+15Ag+MOS_45100.npz,1.037,1.071
HNC_047,9Ag,FALSE,3,1,train,train,C:/Users/960/Desktop/Top2/data/dataset_update_0214/HNC_047+9Ag+MOS_45100.npz,1.041,1.089
HNC_047,A4Ac,TRUE,3,1,train,train,C:/Users/960/Desktop/Top2/data/dataset_update_0214/HNC_047+A4Ac+MOS_45100.npz,1.028,1.045
HNC_049,15Ag,FALSE,3,1,train,train,C:/Users/960/Desktop/Top2/data/dataset_update_0214/HNC_049+15Ag+MOS_38145.npz,1.036,1.078
HNC_049,9Ag,FALSE,3,1,train,train,C:/Users/960/Desktop/Top2/data/dataset_update_0214/HNC_049+9Ag+MOS_38145.npz,1.037,1.07
HNC_049,A4Ac,TRUE,3,1,train,train,C:/Users/960/Desktop/Top2/data/dataset_update_0214/HNC_049+A4Ac+MOS_38145.npz,1.034,1.054
HNC_051,15Ag,FALSE,3,1,train,train,C:/Users/960/Desktop/Top2/data/dataset_update_0214/HNC_051+15Ag+MOS_47495.npz,1.048,1.075
HNC_051,9Ag,FALSE,3,1,train,train,C:/Users/960/Desktop/Top2/data/dataset_update_0214/HNC_051+9Ag+MOS_47495.npz,1.048,1.087
HNC_051,A4Ac,TRUE,3,1,train,train,C:/Users/960/Desktop/Top2/data/dataset_update_0214/HNC_051+A4Ac+MOS_47495.npz,1.03,1.046
HNC_053,15Ag,FALSE,3,1,train,train,C:/Users/960/Desktop/Top2/data/dataset_update_0214/HNC_053+15Ag+MOS_6535.npz,1.035,1.07
HNC_053,9Ag,FALSE,3,1,train,train,C:/Users/960/Desktop/Top2/data/dataset_update_0214/HNC_053+9Ag+MOS_6535.npz,1.037,1.066
HNC_053,A4Ac,TRUE,3,1,train,train,C:/Users/960/Desktop/Top2/data/dataset_update_0214/HNC_053+A4Ac+MOS_6535.npz,1.033,1.074
HNC_054,15Ag,FALSE,3,1,train,train,C:/Users/960/Desktop/Top2/data/dataset_update_0214/HNC_054+15Ag+MOS_55962.npz,1.035,1.056
HNC_054,9Ag,FALSE,3,1,train,train,C:/Users/960/Desktop/Top2/data/dataset_update_0214/HNC_054+9Ag+MOS_55962.npz,1.039,1.067
HNC_054,A4Ac,TRUE,3,1,train,train,C:/Users/960/Desktop/Top2/data/dataset_update_0214/HNC_054+A4Ac+MOS_55962.npz,1.03,1.065
HNC_056,15Ag,FALSE,3,1,train,train,C:/Users/960/Desktop/Top2/data/dataset_update_0214/HNC_056+15Ag+MOS_37663.npz,1.03,1.047
HNC_056,9Ag,FALSE,3,1,train,train,C:/Users/960/Desktop/Top2/data/dataset_update_0214/HNC_056+9Ag+MOS_37663.npz,1.033,1.047
HNC_056,A4Ac,TRUE,3,1,train,train,C:/Users/960/Desktop/Top2/data/dataset_update_0214/HNC_056+A4Ac+MOS_37663.npz,1.027,1.043
HNC_057,15Ag,FALSE,3,1,train,train,C:/Users/960/Desktop/Top2/data/dataset_update_0214/HNC_057+15Ag+MOS_13203.npz,1.037,1.067
HNC_057,9Ag,FALSE,3,1,train,train,C:/Users/960/Desktop/Top2/data/dataset_update_0214/HNC_057+9Ag+MOS_13203.npz,1.038,1.057
HNC_057,A4Ac,TRUE,3,1,train,train,C:/Users/960/Desktop/Top2/data/dataset_update_0214/HNC_057+A4Ac+MOS_13203.npz,1.036,1.057
HNC_058,15Ag,FALSE,3,1,train,train,C:/Users/960/Desktop/Top2/data/dataset_update_0214/HNC_058+15Ag+MOS_57122.npz,1.038,1.065
HNC_058,9Ag,FALSE,3,1,train,train,C:/Users/960/Desktop/Top2/data/dataset_update_0214/HNC_058+9Ag+MOS_57122.npz,1.041,1.073
HNC_058,A4Ac,TRUE,3,1,train,train,C:/Users/960/Desktop/Top2/data/dataset_update_0214/HNC_058+A4Ac+MOS_57122.npz,1.035,1.062
HNC_059,15Ag,FALSE,3,1,train,train,C:/Users/960/Desktop/Top2/data/dataset_update_0214/HNC_059+15Ag+MOS_39644.npz,1.033,1.051
HNC_059,9Ag,FALSE,3,1,train,train,C:/Users/960/Desktop/Top2/data/dataset_update_0214/HNC_059+9Ag+MOS_39644.npz,1.035,1.056
HNC_059,A4Ac,TRUE,3,1,train,train,C:/Users/960/Desktop/Top2/data/dataset_update_0214/HNC_059+A4Ac+MOS_39644.npz,1.033,1.048
HNC_060,15Ag,FALSE,3,1,train,train,C:/Users/960/Desktop/Top2/data/dataset_update_0214/HNC_060+15Ag+MOS_46253.npz,1.031,1.041
HNC_060,9Ag,FALSE,3,1,train,train,C:/Users/960/Desktop/Top2/data/dataset_update_0214/HNC_060+9Ag+MOS_46253.npz,1.03,1.041
HNC_060,A4Ac,TRUE,3,1,train,train,C:/Users/960/Desktop/Top2/data/dataset_update_0214/HNC_060+A4Ac+MOS_46253.npz,1.032,1.043
HNC_061,15Ag,FALSE,3,1,train,train,C:/Users/960/Desktop/Top2/data/dataset_update_0214/HNC_061+15Ag+MOS_32812.npz,1.03,1.041
HNC_061,9Ag,FALSE,3,1,train,train,C:/Users/960/Desktop/Top2/data/dataset_update_0214/HNC_061+9Ag+MOS_32812.npz,1.03,1.042
HNC_061,A4Ac,TRUE,3,1,train,train,C:/Users/960/Desktop/Top2/data/dataset_update_0214/HNC_061+A4Ac+MOS_32812.npz,1.025,1.032
HNC_063,15Ag,FALSE,3,1,train,train,C:/Users/960/Desktop/Top2/data/dataset_update_0214/HNC_063+15Ag+MOS_34342.npz,1.029,1.046
HNC_063,9Ag,FALSE,3,1,train,train,C:/Users/960/Desktop/Top2/data/dataset_update_0214/HNC_063+9Ag+MOS_34342.npz,1.03,1.046
HNC_063,A4Ac,TRUE,3,1,train,train,C:/Users/960/Desktop/Top2/data/dataset_update_0214/HNC_063+A4Ac+MOS_34342.npz,1.03,1.045
HNC_064,15Ag,FALSE,3,1,train,train,C:/Users/960/Desktop/Top2/data/dataset_update_0214/HNC_064+15Ag+MOS_20538.npz,1.033,1.057
HNC_064,9Ag,FALSE,3,1,train,train,C:/Users/960/Desktop/Top2/data/dataset_update_0214/HNC_064+9Ag+MOS_20538.npz,1.037,1.072
HNC_064,A4Ac,TRUE,3,1,train,train,C:/Users/960/Desktop/Top2/data/dataset_update_0214/HNC_064+A4Ac+MOS_20538.npz,1.031,1.059
HNC_065,15Ag,FALSE,3,1,train,train,C:/Users/960/Desktop/Top2/data/dataset_update_0214/HNC_065+15Ag+MOS_33990.npz,1.029,1.046
HNC_065,9Ag,FALSE,3,1,train,train,C:/Users/960/Desktop/Top2/data/dataset_update_0214/HNC_065+9Ag+MOS_33990.npz,1.032,1.051
HNC_065,A4Ac,TRUE,3,1,train,train,C:/Users/960/Desktop/Top2/data/dataset_update_0214/HNC_065+A4Ac+MOS_33990.npz,1.03,1.041
HNC_066,15Ag,FALSE,3,1,train,train,C:/Users/960/Desktop/Top2/data/dataset_update_0214/HNC_066+15Ag+MOS_23534.npz,1.037,1.068
HNC_066,9Ag,FALSE,3,1,train,train,C:/Users/960/Desktop/Top2/data/dataset_update_0214/HNC_066+9Ag+MOS_23534.npz,1.034,1.058
HNC_066,A4Ac,TRUE,3,1,train,train,C:/Users/960/Desktop/Top2/data/dataset_update_0214/HNC_066+A4Ac+MOS_23534.npz,1.032,1.06
HNC_067,15Ag,FALSE,3,1,train,train,C:/Users/960/Desktop/Top2/data/dataset_update_0214/HNC_067+15Ag+MOS_21238.npz,1.033,1.062
HNC_067,9Ag,FALSE,3,1,train,train,C:/Users/960/Desktop/Top2/data/dataset_update_0214/HNC_067+9Ag+MOS_21238.npz,1.038,1.065
HNC_067,A4Ac,TRUE,3,1,train,train,C:/Users/960/Desktop/Top2/data/dataset_update_0214/HNC_067+A4Ac+MOS_21238.npz,1.031,1.054
HNC_068,15Ag,FALSE,3,1,train,train,C:/Users/960/Desktop/Top2/data/dataset_update_0214/HNC_068+15Ag+MOS_25295.npz,1.056,1.118
HNC_068,9Ag,FALSE,3,1,train,train,C:/Users/960/Desktop/Top2/data/dataset_update_0214/HNC_068+9Ag+MOS_25295.npz,1.049,1.135
HNC_068,A4Ac,TRUE,3,1,train,train,C:/Users/960/Desktop/Top2/data/dataset_update_0214/HNC_068+A4Ac+MOS_25295.npz,1.035,1.095
HNC_069,15Ag,FALSE,3,1,train,train,C:/Users/960/Desktop/Top2/data/dataset_update_0214/HNC_069+15Ag+MOS_7337.npz,1.028,1.046
HNC_069,A4Ac,TRUE,3,1,train,train,C:/Users/960/Desktop/Top2/data/dataset_update_0214/HNC_069+A4Ac+MOS_7337.npz,1.027,1.039
HNC_074,15Ag,FALSE,3,1,train,train,C:/Users/960/Desktop/Top2/data/dataset_update_0214/HNC_074+15Ag+MOS_50325.npz,1.039,1.082
HNC_074,9Ag,FALSE,3,1,train,train,C:/Users/960/Desktop/Top2/data/dataset_update_0214/HNC_074+9Ag+MOS_50325.npz,1.038,1.081
HNC_074,A4Ac,TRUE,3,1,train,train,C:/Users/960/Desktop/Top2/data/dataset_update_0214/HNC_074+A4Ac+MOS_50325.npz,1.032,1.058
HNC_075,15Ag,FALSE,3,1,train,train,C:/Users/960/Desktop/Top2/data/dataset_update_0214/HNC_075+15Ag+MOS_42403.npz,1.035,1.051
HNC_075,9Ag,FALSE,3,1,train,train,C:/Users/960/Desktop/Top2/data/dataset_update_0214/HNC_075+9Ag+MOS_42403.npz,1.038,1.049
HNC_075,A4Ac,TRUE,3,1,train,train,C:/Users/960/Desktop/Top2/data/dataset_update_0214/HNC_075+A4Ac+MOS_42403.npz,1.026,1.044
HNC_077,15Ag,FALSE,3,1,train,train,C:/Users/960/Desktop/Top2/data/dataset_update_0214/HNC_077+15Ag+MOS_34560.npz,1.045,1.148
HNC_077,9Ag,FALSE,3,1,train,train,C:/Users/960/Desktop/Top2/data/dataset_update_0214/HNC_077+9Ag+MOS_34560.npz,1.052,1.214
HNC_077,A4Ac,TRUE,3,1,train,train,C:/Users/960/Desktop/Top2/data/dataset_update_0214/HNC_077+A4Ac+MOS_34560.npz,1.034,1.104
HNC_078,15Ag,FALSE,3,1,train,train,C:/Users/960/Desktop/Top2/data/dataset_update_0214/HNC_078+15Ag+MOS_3752.npz,1.031,1.051
HNC_078,9Ag,FALSE,3,1,train,train,C:/Users/960/Desktop/Top2/data/dataset_update_0214/HNC_078+9Ag+MOS_3752.npz,1.028,1.045
HNC_078,A4Ac,TRUE,3,1,train,train,C:/Users/960/Desktop/Top2/data/dataset_update_0214/HNC_078+A4Ac+MOS_3752.npz,1.026,1.039
HNC_079,15Ag,FALSE,3,1,train,train,C:/Users/960/Desktop/Top2/data/dataset_update_0214/HNC_079+15Ag+MOS_38235.npz,1.037,1.062
HNC_079,9Ag,FALSE,3,1,train,train,C:/Users/960/Desktop/Top2/data/dataset_update_0214/HNC_079+9Ag+MOS_38235.npz,1.042,1.067
HNC_079,A4Ac,TRUE,3,1,train,train,C:/Users/960/Desktop/Top2/data/dataset_update_0214/HNC_079+A4Ac+MOS_38235.npz,1.032,1.055
HNC_080,15Ag,FALSE,3,1,train,train,C:/Users/960/Desktop/Top2/data/dataset_update_0214/HNC_080+15Ag+MOS_10526.npz,1.027,1.049
HNC_080,9Ag,FALSE,3,1,train,train,C:/Users/960/Desktop/Top2/data/dataset_update_0214/HNC_080+9Ag+MOS_10526.npz,1.033,1.046
HNC_080,A4Ac,TRUE,3,1,train,train,C:/Users/960/Desktop/Top2/data/dataset_update_0214/HNC_080+A4Ac+MOS_10526.npz,1.025,1.043
HNC_081,15Ag,FALSE,3,1,train,train,C:/Users/960/Desktop/Top2/data/dataset_update_0214/HNC_081+15Ag+MOS_34194.npz,1.031,1.044
HNC_081,9Ag,FALSE,3,1,train,train,C:/Users/960/Desktop/Top2/data/dataset_update_0214/HNC_081+9Ag+MOS_34194.npz,1.032,1.045
HNC_081,A4Ac,TRUE,3,1,train,train,C:/Users/960/Desktop/Top2/data/dataset_update_0214/HNC_081+A4Ac+MOS_34194.npz,1.032,1.049
HNC_084,15Ag,FALSE,3,1,train,train,C:/Users/960/Desktop/Top2/data/dataset_update_0214/HNC_084+15Ag+MOS_28826.npz,1.028,1.043
HNC_084,9Ag,FALSE,3,1,train,train,C:/Users/960/Desktop/Top2/data/dataset_update_0214/HNC_084+9Ag+MOS_28826.npz,1.029,1.045
HNC_084,A4Ac,TRUE,3,1,train,train,C:/Users/960/Desktop/Top2/data/dataset_update_0214/HNC_084+A4Ac+MOS_28826.npz,1.026,1.036
HNC_085,15Ag,FALSE,3,1,train,train,C:/Users/960/Desktop/Top2/data/dataset_update_0214/HNC_085+15Ag+MOS_2010.npz,1.036,1.062
HNC_085,9Ag,FALSE,3,1,train,train,C:/Users/960/Desktop/Top2/data/dataset_update_0214/HNC_085+9Ag+MOS_2010.npz,1.038,1.065
HNC_085,A4Ac,TRUE,3,1,train,train,C:/Users/960/Desktop/Top2/data/dataset_update_0214/HNC_085+A4Ac+MOS_2010.npz,1.028,1.048
HNC_086,15Ag,FALSE,3,1,train,train,C:/Users/960/Desktop/Top2/data/dataset_update_0214/HNC_086+15Ag+MOS_41309.npz,1.037,1.067
HNC_086,9Ag,FALSE,3,1,train,train,C:/Users/960/Desktop/Top2/data/dataset_update_0214/HNC_086+9Ag+MOS_41309.npz,1.037,1.066
HNC_086,A4Ac,TRUE,3,1,train,train,C:/Users/960/Desktop/Top2/data/dataset_update_0214/HNC_086+A4Ac+MOS_41309.npz,1.034,1.053
HNC_087,15Ag,FALSE,3,1,train,train,C:/Users/960/Desktop/Top2/data/dataset_update_0214/HNC_087+15Ag+MOS_23615.npz,1.032,1.047
HNC_087,9Ag,FALSE,3,1,train,train,C:/Users/960/Desktop/Top2/data/dataset_update_0214/HNC_087+9Ag+MOS_23615.npz,1.031,1.051
HNC_087,A4Ac,TRUE,3,1,train,train,C:/Users/960/Desktop/Top2/data/dataset_update_0214/HNC_087+A4Ac+MOS_23615.npz,1.027,1.044
HNC_089,15Ag,FALSE,3,1,train,train,C:/Users/960/Desktop/Top2/data/dataset_update_0214/HNC_089+15Ag+MOS_58858.npz,1.034,1.052
HNC_089,9Ag,FALSE,3,1,train,train,C:/Users/960/Desktop/Top2/data/dataset_update_0214/HNC_089+9Ag+MOS_58858.npz,1.034,1.05
HNC_089,A4Ac,TRUE,3,1,train,train,C:/Users/960/Desktop/Top2/data/dataset_update_0214/HNC_089+A4Ac+MOS_58858.npz,1.031,1.04
HNC_090,15Ag,FALSE,3,1,train,train,C:/Users/960/Desktop/Top2/data/dataset_update_0214/HNC_090+15Ag+MOS_56440.npz,1.029,1.05
HNC_090,9Ag,FALSE,3,1,train,train,C:/Users/960/Desktop/Top2/data/dataset_update_0214/HNC_090+9Ag+MOS_56440.npz,1.035,1.05
HNC_090,A4Ac,TRUE,3,1,train,train,C:/Users/960/Desktop/Top2/data/dataset_update_0214/HNC_090+A4Ac+MOS_56440.npz,1.028,1.045
HNC_091,A4Ac,TRUE,3,1,train,train,C:/Users/960/Desktop/Top2/data/dataset_update_0214/HNC_091+A4Ac+MOS_4920.npz,1.041,1.075
HNC_094,15Ag,FALSE,3,1,train,train,C:/Users/960/Desktop/Top2/data/dataset_update_0214/HNC_094+15Ag+MOS_36428.npz,1.04,1.067
HNC_094,9Ag,FALSE,3,1,train,train,C:/Users/960/Desktop/Top2/data/dataset_update_0214/HNC_094+9Ag+MOS_36428.npz,1.045,1.07
HNC_094,A4Ac,TRUE,3,1,train,train,C:/Users/960/Desktop/Top2/data/dataset_update_0214/HNC_094+A4Ac+MOS_36428.npz,1.037,1.063
HNC_095,15Ag,FALSE,3,1,train,train,C:/Users/960/Desktop/Top2/data/dataset_update_0214/HNC_095+15Ag+MOS_22308.npz,1.029,1.053
HNC_095,9Ag,FALSE,3,1,train,train,C:/Users/960/Desktop/Top2/data/dataset_update_0214/HNC_095+9Ag+MOS_22308.npz,1.032,1.047
HNC_095,A4Ac,TRUE,3,1,train,train,C:/Users/960/Desktop/Top2/data/dataset_update_0214/HNC_095+A4Ac+MOS_22308.npz,1.033,1.044
HNC_096,15Ag,FALSE,3,1,train,train,C:/Users/960/Desktop/Top2/data/dataset_update_0214/HNC_096+15Ag+MOS_28516.npz,1.038,1.06
HNC_096,9Ag,FALSE,3,1,train,train,C:/Users/960/Desktop/Top2/data/dataset_update_0214/HNC_096+9Ag+MOS_28516.npz,1.039,1.064
HNC_097,15Ag,FALSE,3,1,train,train,C:/Users/960/Desktop/Top2/data/dataset_update_0214/HNC_097+15Ag+MOS_19773.npz,1.043,1.089
HNC_097,9Ag,FALSE,3,1,train,train,C:/Users/960/Desktop/Top2/data/dataset_update_0214/HNC_097+9Ag+MOS_19773.npz,1.04,1.095
HNC_097,A4Ac,TRUE,3,1,train,train,C:/Users/960/Desktop/Top2/data/dataset_update_0214/HNC_097+A4Ac+MOS_19773.npz,1.03,1.067
HNC_098,15Ag,FALSE,3,1,train,train,C:/Users/960/Desktop/Top2/data/dataset_update_0214/HNC_098+15Ag+MOS_56643.npz,1.033,1.065
HNC_098,9Ag,FALSE,3,1,train,train,C:/Users/960/Desktop/Top2/data/dataset_update_0214/HNC_098+9Ag+MOS_56643.npz,1.043,1.091
HNC_098,A4Ac,TRUE,3,1,train,train,C:/Users/960/Desktop/Top2/data/dataset_update_0214/HNC_098+A4Ac+MOS_56643.npz,1.03,1.06
HNC_100,15Ag,FALSE,3,1,train,train,C:/Users/960/Desktop/Top2/data/dataset_update_0214/HNC_100+15Ag+MOS_22354.npz,1.032,1.044
HNC_100,9Ag,FALSE,3,1,train,train,C:/Users/960/Desktop/Top2/data/dataset_update_0214/HNC_100+9Ag+MOS_22354.npz,1.035,1.046
HNC_100,A4Ac,TRUE,3,1,train,train,C:/Users/960/Desktop/Top2/data/dataset_update_0214/HNC_100+A4Ac+MOS_22354.npz,1.031,1.04
HNC_101,15Ag,FALSE,3,1,train,train,C:/Users/960/Desktop/Top2/data/dataset_update_0214/HNC_101+15Ag+MOS_28181.npz,1.036,1.068
HNC_101,9Ag,FALSE,3,1,train,train,C:/Users/960/Desktop/Top2/data/dataset_update_0214/HNC_101+9Ag+MOS_28181.npz,1.04,1.062
HNC_101,A4Ac,TRUE,3,1,train,train,C:/Users/960/Desktop/Top2/data/dataset_update_0214/HNC_101+A4Ac+MOS_28181.npz,1.03,1.047
HNC_102,15Ag,FALSE,3,1,train,train,C:/Users/960/Desktop/Top2/data/dataset_update_0214/HNC_102+15Ag+MOS_23530.npz,1.042,1.064
HNC_102,9Ag,FALSE,3,1,train,train,C:/Users/960/Desktop/Top2/data/dataset_update_0214/HNC_102+9Ag+MOS_23530.npz,1.042,1.077
HNC_102,A4Ac,TRUE,3,1,train,train,C:/Users/960/Desktop/Top2/data/dataset_update_0214/HNC_102+A4Ac+MOS_23530.npz,1.032,1.055
HNC_104,15Ag,FALSE,3,1,train,train,C:/Users/960/Desktop/Top2/data/dataset_update_0214/HNC_104+15Ag+MOS_35906.npz,1.038,1.075
HNC_104,9Ag,FALSE,3,1,train,train,C:/Users/960/Desktop/Top2/data/dataset_update_0214/HNC_104+9Ag+MOS_35906.npz,1.039,1.087
HNC_105,A4Ac,TRUE,3,1,train,train,C:/Users/960/Desktop/Top2/data/dataset_update_0214/HNC_105+A4Ac+MOS_58691.npz,1.032,1.069
HNC_106,15Ag,FALSE,3,1,train,train,C:/Users/960/Desktop/Top2/data/dataset_update_0214/HNC_106+15Ag+MOS_17747.npz,1.029,1.052
HNC_106,9Ag,FALSE,3,1,train,train,C:/Users/960/Desktop/Top2/data/dataset_update_0214/HNC_106+9Ag+MOS_17747.npz,1.028,1.051
HNC_106,A4Ac,TRUE,3,1,train,train,C:/Users/960/Desktop/Top2/data/dataset_update_0214/HNC_106+A4Ac+MOS_17747.npz,1.026,1.045
HNC_107,15Ag,FALSE,3,1,train,train,C:/Users/960/Desktop/Top2/data/dataset_update_0214/HNC_107+15Ag+MOS_49283.npz,1.046,1.083
HNC_107,9Ag,FALSE,3,1,train,train,C:/Users/960/Desktop/Top2/data/dataset_update_0214/HNC_107+9Ag+MOS_49283.npz,1.052,1.096
HNC_107,A4Ac,TRUE,3,1,train,train,C:/Users/960/Desktop/Top2/data/dataset_update_0214/HNC_107+A4Ac+MOS_49283.npz,1.039,1.052
HNC_108,15Ag,FALSE,3,1,train,train,C:/Users/960/Desktop/Top2/data/dataset_update_0214/HNC_108+15Ag+MOS_33620.npz,1.032,1.056
HNC_108,9Ag,FALSE,3,1,train,train,C:/Users/960/Desktop/Top2/data/dataset_update_0214/HNC_108+9Ag+MOS_33620.npz,1.031,1.045
HNC_108,A4Ac,TRUE,3,1,train,train,C:/Users/960/Desktop/Top2/data/dataset_update_0214/HNC_108+A4Ac+MOS_33620.npz,1.03,1.053
HNC_109,15Ag,FALSE,3,1,train,train,C:/Users/960/Desktop/Top2/data/dataset_update_0214/HNC_109+15Ag+MOS_38169.npz,1.036,1.071
HNC_109,9Ag,FALSE,3,1,train,train,C:/Users/960/Desktop/Top2/data/dataset_update_0214/HNC_109+9Ag+MOS_38169.npz,1.041,1.08
HNC_109,A4Ac,TRUE,3,1,train,train,C:/Users/960/Desktop/Top2/data/dataset_update_0214/HNC_109+A4Ac+MOS_38169.npz,1.037,1.072
HNC_111,15Ag,FALSE,3,1,train,train,C:/Users/960/Desktop/Top2/data/dataset_update_0214/HNC_111+15Ag+MOS_57754.npz,1.038,1.059
HNC_111,9Ag,FALSE,3,1,train,train,C:/Users/960/Desktop/Top2/data/dataset_update_0214/HNC_111+9Ag+MOS_57754.npz,1.039,1.061
HNC_111,A4Ac,TRUE,3,1,train,train,C:/Users/960/Desktop/Top2/data/dataset_update_0214/HNC_111+A4Ac+MOS_57754.npz,1.028,1.05
HNC_112,15Ag,FALSE,3,1,train,train,C:/Users/960/Desktop/Top2/data/dataset_update_0214/HNC_112+15Ag+MOS_21291.npz,1.034,1.049
HNC_112,9Ag,FALSE,3,1,train,train,C:/Users/960/Desktop/Top2/data/dataset_update_0214/HNC_112+9Ag+MOS_21291.npz,1.044,1.057
HNC_112,A4Ac,TRUE,3,1,train,train,C:/Users/960/Desktop/Top2/data/dataset_update_0214/HNC_112+A4Ac+MOS_21291.npz,1.031,1.048
HNC_115,15Ag,FALSE,3,1,train,train,C:/Users/960/Desktop/Top2/data/dataset_update_0214/HNC_115+15Ag+MOS_34469.npz,1.032,1.056
HNC_115,9Ag,FALSE,3,1,train,train,C:/Users/960/Desktop/Top2/data/dataset_update_0214/HNC_115+9Ag+MOS_34469.npz,1.034,1.061
HNC_115,A4Ac,TRUE,3,1,train,train,C:/Users/960/Desktop/Top2/data/dataset_update_0214/HNC_115+A4Ac+MOS_34469.npz,1.03,1.053
HNC_116,15Ag,FALSE,3,1,train,train,C:/Users/960/Desktop/Top2/data/dataset_update_0214/HNC_116+15Ag+MOS_3748.npz,1.041,1.073
HNC_116,9Ag,FALSE,3,1,train,train,C:/Users/960/Desktop/Top2/data/dataset_update_0214/HNC_116+9Ag+MOS_3748.npz,1.038,1.063
HNC_116,A4Ac,TRUE,3,1,train,train,C:/Users/960/Desktop/Top2/data/dataset_update_0214/HNC_116+A4Ac+MOS_3748.npz,1.028,1.042
HNC_118,15Ag,FALSE,3,1,train,train,C:/Users/960/Desktop/Top2/data/dataset_update_0214/HNC_118+15Ag+MOS_52878.npz,1.038,1.072
HNC_118,9Ag,FALSE,3,1,train,train,C:/Users/960/Desktop/Top2/data/dataset_update_0214/HNC_118+9Ag+MOS_52878.npz,1.041,1.069
HNC_118,A4Ac,TRUE,3,1,train,train,C:/Users/960/Desktop/Top2/data/dataset_update_0214/HNC_118+A4Ac+MOS_52878.npz,1.04,1.067
HNC_119,15Ag,FALSE,3,1,train,train,C:/Users/960/Desktop/Top2/data/dataset_update_0214/HNC_119+15Ag+MOS_5136.npz,1.033,1.06
HNC_119,9Ag,FALSE,3,1,train,train,C:/Users/960/Desktop/Top2/data/dataset_update_0214/HNC_119+9Ag+MOS_5136.npz,1.041,1.076
HNC_119,A4Ac,TRUE,3,1,train,train,C:/Users/960/Desktop/Top2/data/dataset_update_0214/HNC_119+A4Ac+MOS_5136.npz,1.03,1.053
HNC_120,9Ag,FALSE,3,1,train,train,C:/Users/960/Desktop/Top2/data/dataset_update_0214/HNC_120+9Ag+MOS_58920.npz,1.042,1.094
HNC_120,A4Ac,TRUE,3,1,train,train,C:/Users/960/Desktop/Top2/data/dataset_update_0214/HNC_120+A4Ac+MOS_58920.npz,1.034,1.055
HNC_121,15Ag,FALSE,3,1,train,train,C:/Users/960/Desktop/Top2/data/dataset_update_0214/HNC_121+15Ag+MOS_42727.npz,1.037,1.078
HNC_121,9Ag,FALSE,3,1,train,train,C:/Users/960/Desktop/Top2/data/dataset_update_0214/HNC_121+9Ag+MOS_42727.npz,1.039,1.064
HNC_121,A4Ac,TRUE,3,1,train,train,C:/Users/960/Desktop/Top2/data/dataset_update_0214/HNC_121+A4Ac+MOS_42727.npz,1.035,1.065
HNC_122,15Ag,FALSE,3,1,train,train,C:/Users/960/Desktop/Top2/data/dataset_update_0214/HNC_122+15Ag+MOS_19765.npz,1.034,1.066
HNC_122,9Ag,FALSE,3,1,train,train,C:/Users/960/Desktop/Top2/data/dataset_update_0214/HNC_122+9Ag+MOS_19765.npz,1.033,1.057
HNC_122,A4Ac,TRUE,3,1,train,train,C:/Users/960/Desktop/Top2/data/dataset_update_0214/HNC_122+A4Ac+MOS_19765.npz,1.029,1.059
HNC_123,15Ag,FALSE,3,1,train,train,C:/Users/960/Desktop/Top2/data/dataset_update_0214/HNC_123+15Ag+MOS_58497.npz,1.045,1.08
HNC_123,9Ag,FALSE,3,1,train,train,C:/Users/960/Desktop/Top2/data/dataset_update_0214/HNC_123+9Ag+MOS_58497.npz,1.05,1.088
HNC_123,A4Ac,TRUE,3,1,train,train,C:/Users/960/Desktop/Top2/data/dataset_update_0214/HNC_123+A4Ac+MOS_58497.npz,1.031,1.049
HNC_126,15Ag,FALSE,3,1,train,train,C:/Users/960/Desktop/Top2/data/dataset_update_0214/HNC_126+15Ag+MOS_2208.npz,1.036,1.072
HNC_126,9Ag,FALSE,3,1,train,train,C:/Users/960/Desktop/Top2/data/dataset_update_0214/HNC_126+9Ag+MOS_2208.npz,1.041,1.081
HNC_126,A4Ac,TRUE,3,1,train,train,C:/Users/960/Desktop/Top2/data/dataset_update_0214/HNC_126+A4Ac+MOS_2208.npz,1.033,1.069
HNC_128,15Ag,FALSE,3,1,train,train,C:/Users/960/Desktop/Top2/data/dataset_update_0214/HNC_128+15Ag+MOS_52559.npz,1.041,1.074
HNC_128,9Ag,FALSE,3,1,train,train,C:/Users/960/Desktop/Top2/data/dataset_update_0214/HNC_128+9Ag+MOS_52559.npz,1.04,1.077
HNC_128,A4Ac,TRUE,3,1,train,train,C:/Users/960/Desktop/Top2/data/dataset_update_0214/HNC_128+A4Ac+MOS_52559.npz,1.029,1.093
HNC_129,15Ag,FALSE,3,1,train,train,C:/Users/960/Desktop/Top2/data/dataset_update_0214/HNC_129+15Ag+MOS_55459.npz,1.034,1.056
HNC_129,9Ag,FALSE,3,1,train,train,C:/Users/960/Desktop/Top2/data/dataset_update_0214/HNC_129+9Ag+MOS_55459.npz,1.035,1.056
HNC_129,A4Ac,TRUE,3,1,train,train,C:/Users/960/Desktop/Top2/data/dataset_update_0214/HNC_129+A4Ac+MOS_55459.npz,1.03,1.052
HNC_130,15Ag,FALSE,3,1,train,train,C:/Users/960/Desktop/Top2/data/dataset_update_0214/HNC_130+15Ag+MOS_3635.npz,1.041,1.085
HNC_130,9Ag,FALSE,3,1,train,train,C:/Users/960/Desktop/Top2/data/dataset_update_0214/HNC_130+9Ag+MOS_3635.npz,1.048,1.111
HNC_130,A4Ac,TRUE,3,1,train,train,C:/Users/960/Desktop/Top2/data/dataset_update_0214/HNC_130+A4Ac+MOS_3635.npz,1.034,1.072
HNC_132,15Ag,FALSE,3,1,train,train,C:/Users/960/Desktop/Top2/data/dataset_update_0214/HNC_132+15Ag+MOS_59835.npz,1.043,1.072
HNC_132,9Ag,FALSE,3,1,train,train,C:/Users/960/Desktop/Top2/data/dataset_update_0214/HNC_132+9Ag+MOS_59835.npz,1.044,1.078
HNC_132,A4Ac,TRUE,3,1,train,train,C:/Users/960/Desktop/Top2/data/dataset_update_0214/HNC_132+A4Ac+MOS_59835.npz,1.029,1.054
HNC_135,15Ag,FALSE,3,1,train,train,C:/Users/960/Desktop/Top2/data/dataset_update_0214/HNC_135+15Ag+MOS_2696.npz,1.031,1.055
HNC_135,9Ag,FALSE,3,1,train,train,C:/Users/960/Desktop/Top2/data/dataset_update_0214/HNC_135+9Ag+MOS_2696.npz,1.03,1.051
HNC_135,A4Ac,TRUE,3,1,train,train,C:/Users/960/Desktop/Top2/data/dataset_update_0214/HNC_135+A4Ac+MOS_2696.npz,1.025,1.04
HNC_136,15Ag,FALSE,3,1,train,train,C:/Users/960/Desktop/Top2/data/dataset_update_0214/HNC_136+15Ag+MOS_50521.npz,1.043,1.089
HNC_136,9Ag,FALSE,3,1,train,train,C:/Users/960/Desktop/Top2/data/dataset_update_0214/HNC_136+9Ag+MOS_50521.npz,1.043,1.104
HNC_136,A4Ac,TRUE,3,1,train,train,C:/Users/960/Desktop/Top2/data/dataset_update_0214/HNC_136+A4Ac+MOS_50521.npz,1.032,1.055
HNC_137,15Ag,FALSE,3,1,train,train,C:/Users/960/Desktop/Top2/data/dataset_update_0214/HNC_137+15Ag+MOS_8413.npz,1.033,1.063
HNC_137,9Ag,FALSE,3,1,train,train,C:/Users/960/Desktop/Top2/data/dataset_update_0214/HNC_137+9Ag+MOS_8413.npz,1.038,1.062
HNC_137,A4Ac,TRUE,3,1,train,train,C:/Users/960/Desktop/Top2/data/dataset_update_0214/HNC_137+A4Ac+MOS_8413.npz,1.032,1.048
HNC_138,15Ag,FALSE,3,1,train,train,C:/Users/960/Desktop/Top2/data/dataset_update_0214/HNC_138+15Ag+MOS_47237.npz,1.04,1.064
HNC_138,9Ag,FALSE,3,1,train,train,C:/Users/960/Desktop/Top2/data/dataset_update_0214/HNC_138+9Ag+MOS_47237.npz,1.042,1.07
HNC_138,A4Ac,TRUE,3,1,train,train,C:/Users/960/Desktop/Top2/data/dataset_update_0214/HNC_138+A4Ac+MOS_47237.npz,1.036,1.069
HNC_139,15Ag,FALSE,3,1,train,train,C:/Users/960/Desktop/Top2/data/dataset_update_0214/HNC_139+15Ag+MOS_8152.npz,1.028,1.054
HNC_139,9Ag,FALSE,3,1,train,train,C:/Users/960/Desktop/Top2/data/dataset_update_0214/HNC_139+9Ag+MOS_8152.npz,1.033,1.062
HNC_139,A4Ac,TRUE,3,1,train,train,C:/Users/960/Desktop/Top2/data/dataset_update_0214/HNC_139+A4Ac+MOS_8152.npz,1.029,1.044
HNC_140,15Ag,FALSE,3,1,train,train,C:/Users/960/Desktop/Top2/data/dataset_update_0214/HNC_140+15Ag+MOS_9927.npz,1.034,1.059
HNC_140,9Ag,FALSE,3,1,train,train,C:/Users/960/Desktop/Top2/data/dataset_update_0214/HNC_140+9Ag+MOS_9927.npz,1.037,1.069
HNC_140,A4Ac,TRUE,3,1,train,train,C:/Users/960/Desktop/Top2/data/dataset_update_0214/HNC_140+A4Ac+MOS_9927.npz,1.031,1.057
HNC_141,15Ag,FALSE,3,1,train,train,C:/Users/960/Desktop/Top2/data/dataset_update_0214/HNC_141+15Ag+MOS_43316.npz,1.037,1.059
HNC_141,9Ag,FALSE,3,1,train,train,C:/Users/960/Desktop/Top2/data/dataset_update_0214/HNC_141+9Ag+MOS_43316.npz,1.036,1.072
HNC_141,A4Ac,TRUE,3,1,train,train,C:/Users/960/Desktop/Top2/data/dataset_update_0214/HNC_141+A4Ac+MOS_43316.npz,1.032,1.044
HNC_143,15Ag,FALSE,3,1,train,train,C:/Users/960/Desktop/Top2/data/dataset_update_0214/HNC_143+15Ag+MOS_37366.npz,1.044,1.094
HNC_143,9Ag,FALSE,3,1,train,train,C:/Users/960/Desktop/Top2/data/dataset_update_0214/HNC_143+9Ag+MOS_37366.npz,1.051,1.089
HNC_143,A4Ac,TRUE,3,1,train,train,C:/Users/960/Desktop/Top2/data/dataset_update_0214/HNC_143+A4Ac+MOS_37366.npz,1.037,1.066
HNC_145,15Ag,FALSE,3,1,train,train,C:/Users/960/Desktop/Top2/data/dataset_update_0214/HNC_145+15Ag+MOS_17159.npz,1.035,1.057
HNC_145,9Ag,FALSE,3,1,train,train,C:/Users/960/Desktop/Top2/data/dataset_update_0214/HNC_145+9Ag+MOS_17159.npz,1.036,1.053
HNC_145,A4Ac,TRUE,3,1,train,train,C:/Users/960/Desktop/Top2/data/dataset_update_0214/HNC_145+A4Ac+MOS_17159.npz,1.031,1.049
HNC_146,15Ag,FALSE,3,1,train,train,C:/Users/960/Desktop/Top2/data/dataset_update_0214/HNC_146+15Ag+MOS_55290.npz,1.038,1.085
HNC_146,9Ag,FALSE,3,1,train,train,C:/Users/960/Desktop/Top2/data/dataset_update_0214/HNC_146+9Ag+MOS_55290.npz,1.038,1.079
HNC_146,A4Ac,TRUE,3,1,train,train,C:/Users/960/Desktop/Top2/data/dataset_update_0214/HNC_146+A4Ac+MOS_55290.npz,1.041,1.086
HNC_149,15Ag,FALSE,3,1,train,train,C:/Users/960/Desktop/Top2/data/dataset_update_0214/HNC_149+15Ag+MOS_36500.npz,1.041,1.084
HNC_149,9Ag,FALSE,3,1,train,train,C:/Users/960/Desktop/Top2/data/dataset_update_0214/HNC_149+9Ag+MOS_36500.npz,1.044,1.09
HNC_149,A4Ac,TRUE,3,1,train,train,C:/Users/960/Desktop/Top2/data/dataset_update_0214/HNC_149+A4Ac+MOS_36500.npz,1.035,1.062
HNC_150,15Ag,FALSE,3,1,train,train,C:/Users/960/Desktop/Top2/data/dataset_update_0214/HNC_150+15Ag+MOS_19298.npz,1.043,1.071
HNC_150,9Ag,FALSE,3,1,train,train,C:/Users/960/Desktop/Top2/data/dataset_update_0214/HNC_150+9Ag+MOS_19298.npz,1.045,1.081
HNC_150,A4Ac,TRUE,3,1,train,train,C:/Users/960/Desktop/Top2/data/dataset_update_0214/HNC_150+A4Ac+MOS_19298.npz,1.028,1.059
HNC_151,9Ag,FALSE,3,1,train,train,C:/Users/960/Desktop/Top2/data/dataset_update_0214/HNC_151+9Ag+MOS_59947.npz,1.035,1.069
HNC_151,A4Ac,TRUE,3,1,train,train,C:/Users/960/Desktop/Top2/data/dataset_update_0214/HNC_151+A4Ac+MOS_59947.npz,1.031,1.062
HNC_152,15Ag,FALSE,3,1,train,train,C:/Users/960/Desktop/Top2/data/dataset_update_0214/HNC_152+15Ag+MOS_25955.npz,1.028,1.041
HNC_152,9Ag,FALSE,3,1,train,train,C:/Users/960/Desktop/Top2/data/dataset_update_0214/HNC_152+9Ag+MOS_25955.npz,1.03,1.052
HNC_152,A4Ac,TRUE,3,1,train,train,C:/Users/960/Desktop/Top2/data/dataset_update_0214/HNC_152+A4Ac+MOS_25955.npz,1.031,1.05
HNC_155,15Ag,FALSE,3,1,train,train,C:/Users/960/Desktop/Top2/data/dataset_update_0214/HNC_155+15Ag+MOS_7991.npz,1.046,1.09
HNC_155,9Ag,FALSE,3,1,train,train,C:/Users/960/Desktop/Top2/data/dataset_update_0214/HNC_155+9Ag+MOS_7991.npz,1.045,1.086
HNC_155,A4Ac,TRUE,3,1,train,train,C:/Users/960/Desktop/Top2/data/dataset_update_0214/HNC_155+A4Ac+MOS_7991.npz,1.035,1.069
HNC_156,15Ag,FALSE,3,1,train,train,C:/Users/960/Desktop/Top2/data/dataset_update_0214/HNC_156+15Ag+MOS_45491.npz,1.03,1.047
HNC_156,9Ag,FALSE,3,1,train,train,C:/Users/960/Desktop/Top2/data/dataset_update_0214/HNC_156+9Ag+MOS_45491.npz,1.033,1.054
HNC_156,A4Ac,TRUE,3,1,train,train,C:/Users/960/Desktop/Top2/data/dataset_update_0214/HNC_156+A4Ac+MOS_45491.npz,1.031,1.045
HNC_157,15Ag,FALSE,3,1,train,train,C:/Users/960/Desktop/Top2/data/dataset_update_0214/HNC_157+15Ag+MOS_48626.npz,1.029,1.06
HNC_157,9Ag,FALSE,3,1,train,train,C:/Users/960/Desktop/Top2/data/dataset_update_0214/HNC_157+9Ag+MOS_48626.npz,1.038,1.061
HNC_157,A4Ac,TRUE,3,1,train,train,C:/Users/960/Desktop/Top2/data/dataset_update_0214/HNC_157+A4Ac+MOS_48626.npz,1.028,1.048
HNC_159,15Ag,FALSE,3,1,train,train,C:/Users/960/Desktop/Top2/data/dataset_update_0214/HNC_159+15Ag+MOS_19380.npz,1.035,1.057
HNC_159,9Ag,FALSE,3,1,train,train,C:/Users/960/Desktop/Top2/data/dataset_update_0214/HNC_159+9Ag+MOS_19380.npz,1.04,1.057
HNC_159,A4Ac,TRUE,3,1,train,train,C:/Users/960/Desktop/Top2/data/dataset_update_0214/HNC_159+A4Ac+MOS_19380.npz,1.032,1.051
HNC_160,15Ag,FALSE,3,1,train,train,C:/Users/960/Desktop/Top2/data/dataset_update_0214/HNC_160+15Ag+MOS_55579.npz,1.043,1.065
HNC_160,9Ag,FALSE,3,1,train,train,C:/Users/960/Desktop/Top2/data/dataset_update_0214/HNC_160+9Ag+MOS_55579.npz,1.044,1.062
HNC_160,A4Ac,TRUE,3,1,train,train,C:/Users/960/Desktop/Top2/data/dataset_update_0214/HNC_160+A4Ac+MOS_55579.npz,1.034,1.05
HNC_161,15Ag,FALSE,3,1,train,train,C:/Users/960/Desktop/Top2/data/dataset_update_0214/HNC_161+15Ag+MOS_44756.npz,1.034,1.074
HNC_161,9Ag,FALSE,3,1,train,train,C:/Users/960/Desktop/Top2/data/dataset_update_0214/HNC_161+9Ag+MOS_44756.npz,1.042,1.068
HNC_161,A4Ac,TRUE,3,1,train,train,C:/Users/960/Desktop/Top2/data/dataset_update_0214/HNC_161+A4Ac+MOS_44756.npz,1.03,1.048
HNC_162,15Ag,FALSE,3,1,train,train,C:/Users/960/Desktop/Top2/data/dataset_update_0214/HNC_162+15Ag+MOS_26353.npz,1.044,1.091
HNC_162,9Ag,FALSE,3,1,train,train,C:/Users/960/Desktop/Top2/data/dataset_update_0214/HNC_162+9Ag+MOS_26353.npz,1.043,1.103
HNC_162,A4Ac,TRUE,3,1,train,train,C:/Users/960/Desktop/Top2/data/dataset_update_0214/HNC_162+A4Ac+MOS_26353.npz,1.033,1.066
HNC_163,15Ag,FALSE,3,1,train,train,C:/Users/960/Desktop/Top2/data/dataset_update_0214/HNC_163+15Ag+MOS_12144.npz,1.044,1.086
HNC_163,9Ag,FALSE,3,1,train,train,C:/Users/960/Desktop/Top2/data/dataset_update_0214/HNC_163+9Ag+MOS_12144.npz,1.042,1.082
HNC_163,A4Ac,TRUE,3,1,train,train,C:/Users/960/Desktop/Top2/data/dataset_update_0214/HNC_163+A4Ac+MOS_12144.npz,1.032,1.083
HNC_165,15Ag,FALSE,3,1,train,train,C:/Users/960/Desktop/Top2/data/dataset_update_0214/HNC_165+15Ag+MOS_46381.npz,1.035,1.061
HNC_165,9Ag,FALSE,3,1,train,train,C:/Users/960/Desktop/Top2/data/dataset_update_0214/HNC_165+9Ag+MOS_46381.npz,1.04,1.068
HNC_165,A4Ac,TRUE,3,1,train,train,C:/Users/960/Desktop/Top2/data/dataset_update_0214/HNC_165+A4Ac+MOS_46381.npz,1.031,1.057
HNC_166,9Ag,FALSE,3,1,train,train,C:/Users/960/Desktop/Top2/data/dataset_update_0214/HNC_166+9Ag+MOS_28192.npz,1.045,1.08
HNC_167,9Ag,FALSE,3,1,train,train,C:/Users/960/Desktop/Top2/data/dataset_update_0214/HNC_167+9Ag+MOS_6268.npz,1.049,1.08
HNC_167,A4Ac,TRUE,3,1,train,train,C:/Users/960/Desktop/Top2/data/dataset_update_0214/HNC_167+A4Ac+MOS_6268.npz,1.05,1.081
HNC_168,15Ag,FALSE,3,1,train,train,C:/Users/960/Desktop/Top2/data/dataset_update_0214/HNC_168+15Ag+MOS_31266.npz,1.043,1.084
HNC_168,9Ag,FALSE,3,1,train,train,C:/Users/960/Desktop/Top2/data/dataset_update_0214/HNC_168+9Ag+MOS_31266.npz,1.054,1.116
HNC_168,A4Ac,TRUE,3,1,train,train,C:/Users/960/Desktop/Top2/data/dataset_update_0214/HNC_168+A4Ac+MOS_31266.npz,1.032,1.062
HNC_169,15Ag,FALSE,3,1,train,train,C:/Users/960/Desktop/Top2/data/dataset_update_0214/HNC_169+15Ag+MOS_33719.npz,1.055,1.102
HNC_169,9Ag,FALSE,3,1,train,train,C:/Users/960/Desktop/Top2/data/dataset_update_0214/HNC_169+9Ag+MOS_33719.npz,1.055,1.092
HNC_169,A4Ac,TRUE,3,1,train,train,C:/Users/960/Desktop/Top2/data/dataset_update_0214/HNC_169+A4Ac+MOS_33719.npz,1.035,1.059
HNC_170,15Ag,FALSE,3,1,train,train,C:/Users/960/Desktop/Top2/data/dataset_update_0214/HNC_170+15Ag+MOS_1169.npz,1.031,1.047
HNC_170,9Ag,FALSE,3,1,train,train,C:/Users/960/Desktop/Top2/data/dataset_update_0214/HNC_170+9Ag+MOS_1169.npz,1.032,1.048
HNC_170,A4Ac,TRUE,3,1,train,train,C:/Users/960/Desktop/Top2/data/dataset_update_0214/HNC_170+A4Ac+MOS_1169.npz,1.027,1.041
HNC_171,15Ag,FALSE,3,1,train,train,C:/Users/960/Desktop/Top2/data/dataset_update_0214/HNC_171+15Ag+MOS_31950.npz,1.039,1.061
HNC_171,9Ag,FALSE,3,1,train,train,C:/Users/960/Desktop/Top2/data/dataset_update_0214/HNC_171+9Ag+MOS_31950.npz,1.04,1.064
HNC_171,A4Ac,TRUE,3,1,train,train,C:/Users/960/Desktop/Top2/data/dataset_update_0214/HNC_171+A4Ac+MOS_31950.npz,1.03,1.054
HNC_172,15Ag,FALSE,3,1,train,train,C:/Users/960/Desktop/Top2/data/dataset_update_0214/HNC_172+15Ag+MOS_1873.npz,1.04,1.063
HNC_172,9Ag,FALSE,3,1,train,train,C:/Users/960/Desktop/Top2/data/dataset_update_0214/HNC_172+9Ag+MOS_1873.npz,1.041,1.068
HNC_172,A4Ac,TRUE,3,1,train,train,C:/Users/960/Desktop/Top2/data/dataset_update_0214/HNC_172+A4Ac+MOS_1873.npz,1.037,1.06
HNC_175,15Ag,FALSE,3,1,train,train,C:/Users/960/Desktop/Top2/data/dataset_update_0214/HNC_175+15Ag+MOS_46456.npz,1.043,1.106
HNC_175,9Ag,FALSE,3,1,train,train,C:/Users/960/Desktop/Top2/data/dataset_update_0214/HNC_175+9Ag+MOS_46456.npz,1.049,1.107
HNC_175,A4Ac,TRUE,3,1,train,train,C:/Users/960/Desktop/Top2/data/dataset_update_0214/HNC_175+A4Ac+MOS_46456.npz,1.043,1.066
HNC_176,15Ag,FALSE,3,1,train,train,C:/Users/960/Desktop/Top2/data/dataset_update_0214/HNC_176+15Ag+MOS_5603.npz,1.044,1.065
HNC_176,9Ag,FALSE,3,1,train,train,C:/Users/960/Desktop/Top2/data/dataset_update_0214/HNC_176+9Ag+MOS_5603.npz,1.044,1.072
HNC_176,A4Ac,TRUE,3,1,train,train,C:/Users/960/Desktop/Top2/data/dataset_update_0214/HNC_176+A4Ac+MOS_5603.npz,1.041,1.061
HNC_177,15Ag,FALSE,3,1,train,train,C:/Users/960/Desktop/Top2/data/dataset_update_0214/HNC_177+15Ag+MOS_19527.npz,1.033,1.068
HNC_177,9Ag,FALSE,3,1,train,train,C:/Users/960/Desktop/Top2/data/dataset_update_0214/HNC_177+9Ag+MOS_19527.npz,1.037,1.08
HNC_177,A4Ac,TRUE,3,1,train,train,C:/Users/960/Desktop/Top2/data/dataset_update_0214/HNC_177+A4Ac+MOS_19527.npz,1.03,1.058
HNC_180,15Ag,FALSE,3,1,train,train,C:/Users/960/Desktop/Top2/data/dataset_update_0214/HNC_180+15Ag+MOS_34418.npz,1.032,1.057
HNC_180,9Ag,FALSE,3,1,train,train,C:/Users/960/Desktop/Top2/data/dataset_update_0214/HNC_180+9Ag+MOS_34418.npz,1.035,1.062
HNC_180,A4Ac,TRUE,3,1,train,train,C:/Users/960/Desktop/Top2/data/dataset_update_0214/HNC_180+A4Ac+MOS_34418.npz,1.029,1.051
HNC_181,15Ag,FALSE,3,1,train,train,C:/Users/960/Desktop/Top2/data/dataset_update_0214/HNC_181+15Ag+MOS_46324.npz,1.034,1.074
HNC_181,9Ag,FALSE,3,1,train,train,C:/Users/960/Desktop/Top2/data/dataset_update_0214/HNC_181+9Ag+MOS_46324.npz,1.036,1.071
HNC_181,A4Ac,TRUE,3,1,train,train,C:/Users/960/Desktop/Top2/data/dataset_update_0214/HNC_181+A4Ac+MOS_46324.npz,1.03,1.05
HNC_182,15Ag,FALSE,3,1,train,train,C:/Users/960/Desktop/Top2/data/dataset_update_0214/HNC_182+15Ag+MOS_1529.npz,1.041,1.076
HNC_182,9Ag,FALSE,3,1,train,train,C:/Users/960/Desktop/Top2/data/dataset_update_0214/HNC_182+9Ag+MOS_1529.npz,1.04,1.075
HNC_182,A4Ac,TRUE,3,1,train,train,C:/Users/960/Desktop/Top2/data/dataset_update_0214/HNC_182+A4Ac+MOS_1529.npz,1.038,1.083
HNC_183,15Ag,FALSE,3,1,train,train,C:/Users/960/Desktop/Top2/data/dataset_update_0214/HNC_183+15Ag+MOS_22312.npz,1.041,1.103
HNC_183,9Ag,FALSE,3,1,train,train,C:/Users/960/Desktop/Top2/data/dataset_update_0214/HNC_183+9Ag+MOS_22312.npz,1.042,1.089
HNC_183,A4Ac,TRUE,3,1,train,train,C:/Users/960/Desktop/Top2/data/dataset_update_0214/HNC_183+A4Ac+MOS_22312.npz,1.032,1.046
HNC_186,15Ag,FALSE,3,1,train,train,C:/Users/960/Desktop/Top2/data/dataset_update_0214/HNC_186+15Ag+MOS_59880.npz,1.046,1.084
HNC_186,A4Ac,TRUE,3,1,train,train,C:/Users/960/Desktop/Top2/data/dataset_update_0214/HNC_186+A4Ac+MOS_59880.npz,1.038,1.067
HNC_187,15Ag,FALSE,3,1,train,train,C:/Users/960/Desktop/Top2/data/dataset_update_0214/HNC_187+15Ag+MOS_27534.npz,1.033,1.056
HNC_187,9Ag,FALSE,3,1,train,train,C:/Users/960/Desktop/Top2/data/dataset_update_0214/HNC_187+9Ag+MOS_27534.npz,1.039,1.057
HNC_187,A4Ac,TRUE,3,1,train,train,C:/Users/960/Desktop/Top2/data/dataset_update_0214/HNC_187+A4Ac+MOS_27534.npz,1.03,1.051
HNC_188,15Ag,FALSE,3,1,train,train,C:/Users/960/Desktop/Top2/data/dataset_update_0214/HNC_188+15Ag+MOS_57361.npz,1.04,1.093
HNC_188,9Ag,FALSE,3,1,train,train,C:/Users/960/Desktop/Top2/data/dataset_update_0214/HNC_188+9Ag+MOS_57361.npz,1.046,1.094
HNC_188,A4Ac,TRUE,3,1,train,train,C:/Users/960/Desktop/Top2/data/dataset_update_0214/HNC_188+A4Ac+MOS_57361.npz,1.035,1.079
HNC_189,15Ag,FALSE,3,1,train,train,C:/Users/960/Desktop/Top2/data/dataset_update_0214/HNC_189+15Ag+MOS_20547.npz,1.033,1.054
HNC_189,9Ag,FALSE,3,1,train,train,C:/Users/960/Desktop/Top2/data/dataset_update_0214/HNC_189+9Ag+MOS_20547.npz,1.035,1.057
HNC_189,A4Ac,TRUE,3,1,train,train,C:/Users/960/Desktop/Top2/data/dataset_update_0214/HNC_189+A4Ac+MOS_20547.npz,1.024,1.045
HNC_190,15Ag,FALSE,3,1,train,train,C:/Users/960/Desktop/Top2/data/dataset_update_0214/HNC_190+15Ag+MOS_14378.npz,1.038,1.063
HNC_190,9Ag,FALSE,3,1,train,train,C:/Users/960/Desktop/Top2/data/dataset_update_0214/HNC_190+9Ag+MOS_14378.npz,1.042,1.07
HNC_191,A4Ac,TRUE,3,1,train,train,C:/Users/960/Desktop/Top2/data/dataset_update_0214/HNC_191+A4Ac+MOS_13994.npz,1.039,1.072
HNC_192,15Ag,FALSE,3,1,train,train,C:/Users/960/Desktop/Top2/data/dataset_update_0214/HNC_192+15Ag+MOS_18363.npz,1.029,1.043
HNC_192,9Ag,FALSE,3,1,train,train,C:/Users/960/Desktop/Top2/data/dataset_update_0214/HNC_192+9Ag+MOS_18363.npz,1.032,1.053
HNC_192,A4Ac,TRUE,3,1,train,train,C:/Users/960/Desktop/Top2/data/dataset_update_0214/HNC_192+A4Ac+MOS_18363.npz,1.026,1.041
HNC_193,15Ag,FALSE,3,1,train,train,C:/Users/960/Desktop/Top2/data/dataset_update_0214/HNC_193+15Ag+MOS_3297.npz,1.052,1.089
HNC_193,A4Ac,TRUE,3,1,train,train,C:/Users/960/Desktop/Top2/data/dataset_update_0214/HNC_193+A4Ac+MOS_3297.npz,1.035,1.065
HNC_195,15Ag,FALSE,3,1,train,train,C:/Users/960/Desktop/Top2/data/dataset_update_0214/HNC_195+15Ag+MOS_31123.npz,1.042,1.095
HNC_195,9Ag,FALSE,3,1,train,train,C:/Users/960/Desktop/Top2/data/dataset_update_0214/HNC_195+9Ag+MOS_31123.npz,1.044,1.097
HNC_195,A4Ac,TRUE,3,1,train,train,C:/Users/960/Desktop/Top2/data/dataset_update_0214/HNC_195+A4Ac+MOS_31123.npz,1.034,1.074
HNC_196,15Ag,FALSE,3,1,train,train,C:/Users/960/Desktop/Top2/data/dataset_update_0214/HNC_196+15Ag+MOS_26806.npz,1.036,1.056
HNC_196,9Ag,FALSE,3,1,train,train,C:/Users/960/Desktop/Top2/data/dataset_update_0214/HNC_196+9Ag+MOS_26806.npz,1.038,1.059
HNC_196,A4Ac,TRUE,3,1,train,train,C:/Users/960/Desktop/Top2/data/dataset_update_0214/HNC_196+A4Ac+MOS_26806.npz,1.031,1.051
HNC_198,15Ag,FALSE,3,1,train,train,C:/Users/960/Desktop/Top2/data/dataset_update_0214/HNC_198+15Ag+MOS_394.npz,1.045,1.067
HNC_198,9Ag,FALSE,3,1,train,train,C:/Users/960/Desktop/Top2/data/dataset_update_0214/HNC_198+9Ag+MOS_394.npz,1.05,1.088
HNC_198,A4Ac,TRUE,3,1,train,train,C:/Users/960/Desktop/Top2/data/dataset_update_0214/HNC_198+A4Ac+MOS_394.npz,1.043,1.065
HNC_199,A4Ac,TRUE,3,1,train,train,C:/Users/960/Desktop/Top2/data/dataset_update_0214/HNC_199+A4Ac+MOS_357.npz,1.048,1.09
HNC_200,15Ag,FALSE,3,1,train,train,C:/Users/960/Desktop/Top2/data/dataset_update_0214/HNC_200+15Ag+MOS_56812.npz,1.036,1.054
HNC_200,9Ag,FALSE,3,1,train,train,C:/Users/960/Desktop/Top2/data/dataset_update_0214/HNC_200+9Ag+MOS_56812.npz,1.033,1.053
HNC_200,A4Ac,TRUE,3,1,train,train,C:/Users/960/Desktop/Top2/data/dataset_update_0214/HNC_200+A4Ac+MOS_56812.npz,1.031,1.046
HNC_202,15Ag,FALSE,3,1,train,train,C:/Users/960/Desktop/Top2/data/dataset_update_0214/HNC_202+15Ag+MOS_42361.npz,1.04,1.07
HNC_202,9Ag,FALSE,3,1,train,train,C:/Users/960/Desktop/Top2/data/dataset_update_0214/HNC_202+9Ag+MOS_42361.npz,1.036,1.079
HNC_202,A4Ac,TRUE,3,1,train,train,C:/Users/960/Desktop/Top2/data/dataset_update_0214/HNC_202+A4Ac+MOS_42361.npz,1.029,1.057
HNC_203,9Ag,FALSE,3,1,train,train,C:/Users/960/Desktop/Top2/data/dataset_update_0214/HNC_203+9Ag+MOS_33173.npz,1.051,1.186
HNC_203,A4Ac,TRUE,3,1,train,train,C:/Users/960/Desktop/Top2/data/dataset_update_0214/HNC_203+A4Ac+MOS_33173.npz,1.04,1.111
HNC_206,15Ag,FALSE,3,1,train,train,C:/Users/960/Desktop/Top2/data/dataset_update_0214/HNC_206+15Ag+MOS_22433.npz,1.032,1.052
HNC_206,9Ag,FALSE,3,1,train,train,C:/Users/960/Desktop/Top2/data/dataset_update_0214/HNC_206+9Ag+MOS_22433.npz,1.04,1.064
HNC_206,A4Ac,TRUE,3,1,train,train,C:/Users/960/Desktop/Top2/data/dataset_update_0214/HNC_206+A4Ac+MOS_22433.npz,1.023,1.032
HNC_207,15Ag,FALSE,3,1,train,train,C:/Users/960/Desktop/Top2/data/dataset_update_0214/HNC_207+15Ag+MOS_31879.npz,1.034,1.057
HNC_207,9Ag,FALSE,3,1,train,train,C:/Users/960/Desktop/Top2/data/dataset_update_0214/HNC_207+9Ag+MOS_31879.npz,1.037,1.062
HNC_207,A4Ac,TRUE,3,1,train,train,C:/Users/960/Desktop/Top2/data/dataset_update_0214/HNC_207+A4Ac+MOS_31879.npz,1.027,1.041
HNC_208,A4Ac,TRUE,3,1,train,train,C:/Users/960/Desktop/Top2/data/dataset_update_0214/HNC_208+A4Ac+MOS_32460.npz,1.043,1.115
HNC_209,15Ag,FALSE,3,1,train,train,C:/Users/960/Desktop/Top2/data/dataset_update_0214/HNC_209+15Ag+MOS_42622.npz,1.043,1.081
HNC_209,9Ag,FALSE,3,1,train,train,C:/Users/960/Desktop/Top2/data/dataset_update_0214/HNC_209+9Ag+MOS_42622.npz,1.052,1.093
HNC_209,A4Ac,TRUE,3,1,train,train,C:/Users/960/Desktop/Top2/data/dataset_update_0214/HNC_209+A4Ac+MOS_42622.npz,1.039,1.068
HNC_210,15Ag,FALSE,3,1,train,train,C:/Users/960/Desktop/Top2/data/dataset_update_0214/HNC_210+15Ag+MOS_1135.npz,1.048,1.096
HNC_210,9Ag,FALSE,3,1,train,train,C:/Users/960/Desktop/Top2/data/dataset_update_0214/HNC_210+9Ag+MOS_1135.npz,1.046,1.085
HNC_210,A4Ac,TRUE,3,1,train,train,C:/Users/960/Desktop/Top2/data/dataset_update_0214/HNC_210+A4Ac+MOS_1135.npz,1.044,1.069
HNC_211,15Ag,FALSE,3,1,train,train,C:/Users/960/Desktop/Top2/data/dataset_update_0214/HNC_211+15Ag+MOS_2926.npz,1.039,1.094
HNC_211,9Ag,FALSE,3,1,train,train,C:/Users/960/Desktop/Top2/data/dataset_update_0214/HNC_211+9Ag+MOS_2926.npz,1.038,1.079
HNC_211,A4Ac,TRUE,3,1,train,train,C:/Users/960/Desktop/Top2/data/dataset_update_0214/HNC_211+A4Ac+MOS_2926.npz,1.025,1.054
HNC_213,15Ag,FALSE,3,1,train,train,C:/Users/960/Desktop/Top2/data/dataset_update_0214/HNC_213+15Ag+MOS_22127.npz,1.031,1.053
HNC_213,9Ag,FALSE,3,1,train,train,C:/Users/960/Desktop/Top2/data/dataset_update_0214/HNC_213+9Ag+MOS_22127.npz,1.034,1.05
HNC_213,A4Ac,TRUE,3,1,train,train,C:/Users/960/Desktop/Top2/data/dataset_update_0214/HNC_213+A4Ac+MOS_22127.npz,1.032,1.049
HNC_021,15Ag,FALSE,3,1,train,valid,C:/Users/960/Desktop/Top2/data/dataset_update_0214/HNC_021+15Ag+MOS_4264.npz,1.033,1.056
HNC_021,9Ag,FALSE,3,1,train,valid,C:/Users/960/Desktop/Top2/data/dataset_update_0214/HNC_021+9Ag+MOS_4264.npz,1.034,1.056
HNC_021,A4Ac,TRUE,3,1,train,valid,C:/Users/960/Desktop/Top2/data/dataset_update_0214/HNC_021+A4Ac+MOS_4264.npz,1.027,1.044
HNC_044,15Ag,FALSE,3,1,train,valid,C:/Users/960/Desktop/Top2/data/dataset_update_0214/HNC_044+15Ag+MOS_5466.npz,1.033,1.054
HNC_044,9Ag,FALSE,3,1,train,valid,C:/Users/960/Desktop/Top2/data/dataset_update_0214/HNC_044+9Ag+MOS_5466.npz,1.04,1.068
HNC_044,A4Ac,TRUE,3,1,train,valid,C:/Users/960/Desktop/Top2/data/dataset_update_0214/HNC_044+A4Ac+MOS_5466.npz,1.028,1.052
HNC_071,15Ag,FALSE,3,1,train,valid,C:/Users/960/Desktop/Top2/data/dataset_update_0214/HNC_071+15Ag+MOS_47228.npz,1.036,1.067
HNC_071,9Ag,FALSE,3,1,train,valid,C:/Users/960/Desktop/Top2/data/dataset_update_0214/HNC_071+9Ag+MOS_47228.npz,1.036,1.076
HNC_071,A4Ac,TRUE,3,1,train,valid,C:/Users/960/Desktop/Top2/data/dataset_update_0214/HNC_071+A4Ac+MOS_47228.npz,1.03,1.055
HNC_099,15Ag,FALSE,3,1,train,valid,C:/Users/960/Desktop/Top2/data/dataset_update_0214/HNC_099+15Ag+MOS_40838.npz,1.045,1.094
HNC_099,9Ag,FALSE,3,1,train,valid,C:/Users/960/Desktop/Top2/data/dataset_update_0214/HNC_099+9Ag+MOS_40838.npz,1.048,1.116
HNC_099,A4Ac,TRUE,3,1,train,valid,C:/Users/960/Desktop/Top2/data/dataset_update_0214/HNC_099+A4Ac+MOS_40838.npz,1.032,1.071
HNC_125,15Ag,FALSE,3,1,train,valid,C:/Users/960/Desktop/Top2/data/dataset_update_0214/HNC_125+15Ag+MOS_57961.npz,1.039,1.074
HNC_125,9Ag,FALSE,3,1,train,valid,C:/Users/960/Desktop/Top2/data/dataset_update_0214/HNC_125+9Ag+MOS_57961.npz,1.041,1.082
HNC_125,A4Ac,TRUE,3,1,train,valid,C:/Users/960/Desktop/Top2/data/dataset_update_0214/HNC_125+A4Ac+MOS_57961.npz,1.033,1.053
HNC_153,15Ag,FALSE,3,1,train,valid,C:/Users/960/Desktop/Top2/data/dataset_update_0214/HNC_153+15Ag+MOS_12823.npz,1.04,1.067
HNC_153,9Ag,FALSE,3,1,train,valid,C:/Users/960/Desktop/Top2/data/dataset_update_0214/HNC_153+9Ag+MOS_12823.npz,1.041,1.069
HNC_153,A4Ac,TRUE,3,1,train,valid,C:/Users/960/Desktop/Top2/data/dataset_update_0214/HNC_153+A4Ac+MOS_12823.npz,1.034,1.066
HNC_178,A4Ac,TRUE,3,1,train,valid,C:/Users/960/Desktop/Top2/data/dataset_update_0214/HNC_178+A4Ac+MOS_223.npz,1.046,1.16
HNC_205,15Ag,FALSE,3,1,train,valid,C:/Users/960/Desktop/Top2/data/dataset_update_0214/HNC_205+15Ag+MOS_23820.npz,1.036,1.071
HNC_205,9Ag,FALSE,3,1,train,valid,C:/Users/960/Desktop/Top2/data/dataset_update_0214/HNC_205+9Ag+MOS_23820.npz,1.039,1.064
HNC_205,A4Ac,TRUE,3,1,train,valid,C:/Users/960/Desktop/Top2/data/dataset_update_0214/HNC_205+A4Ac+MOS_23820.npz,1.029,1.059
HNC_002,15Ag,FALSE,3,1,valid,test,C:/Users/960/Desktop/Top2/data/dataset_update_0214/HNC_002+15Ag+MOS_3810.npz,,
HNC_002,9Ag,FALSE,3,1,valid,test,C:/Users/960/Desktop/Top2/data/dataset_update_0214/HNC_002+9Ag+MOS_3810.npz,,
HNC_002,A4Ac,TRUE,3,1,valid,test,C:/Users/960/Desktop/Top2/data/dataset_update_0214/HNC_002+A4Ac+MOS_3810.npz,,
HNC_012,15Ag,FALSE,3,1,valid,test,C:/Users/960/Desktop/Top2/data/dataset_update_0214/HNC_012+15Ag+MOS_52380.npz,,
HNC_012,9Ag,FALSE,3,1,valid,test,C:/Users/960/Desktop/Top2/data/dataset_update_0214/HNC_012+9Ag+MOS_52380.npz,,
HNC_012,A4Ac,TRUE,3,1,valid,test,C:/Users/960/Desktop/Top2/data/dataset_update_0214/HNC_012+A4Ac+MOS_52380.npz,,
HNC_022,15Ag,FALSE,3,1,valid,test,C:/Users/960/Desktop/Top2/data/dataset_update_0214/HNC_022+15Ag+MOS_53845.npz,,
HNC_022,9Ag,FALSE,3,1,valid,test,C:/Users/960/Desktop/Top2/data/dataset_update_0214/HNC_022+9Ag+MOS_53845.npz,,
HNC_022,A4Ac,TRUE,3,1,valid,test,C:/Users/960/Desktop/Top2/data/dataset_update_0214/HNC_022+A4Ac+MOS_53845.npz,,
HNC_032,15Ag,FALSE,3,1,valid,test,C:/Users/960/Desktop/Top2/data/dataset_update_0214/HNC_032+15Ag+MOS_59198.npz,,
HNC_032,9Ag,FALSE,3,1,valid,test,C:/Users/960/Desktop/Top2/data/dataset_update_0214/HNC_032+9Ag+MOS_59198.npz,,
HNC_032,A4Ac,TRUE,3,1,valid,test,C:/Users/960/Desktop/Top2/data/dataset_update_0214/HNC_032+A4Ac+MOS_59198.npz,,
HNC_042,15Ag,FALSE,3,1,valid,test,C:/Users/960/Desktop/Top2/data/dataset_update_0214/HNC_042+15Ag+MOS_52944.npz,,
HNC_042,9Ag,FALSE,3,1,valid,test,C:/Users/960/Desktop/Top2/data/dataset_update_0214/HNC_042+9Ag+MOS_52944.npz,,
HNC_042,A4Ac,TRUE,3,1,valid,test,C:/Users/960/Desktop/Top2/data/dataset_update_0214/HNC_042+A4Ac+MOS_52944.npz,,
HNC_052,15Ag,FALSE,3,1,valid,test,C:/Users/960/Desktop/Top2/data/dataset_update_0214/HNC_052+15Ag+MOS_10560.npz,,
HNC_052,9Ag,FALSE,3,1,valid,test,C:/Users/960/Desktop/Top2/data/dataset_update_0214/HNC_052+9Ag+MOS_10560.npz,,
HNC_052,A4Ac,TRUE,3,1,valid,test,C:/Users/960/Desktop/Top2/data/dataset_update_0214/HNC_052+A4Ac+MOS_10560.npz,,
HNC_062,15Ag,FALSE,3,1,valid,test,C:/Users/960/Desktop/Top2/data/dataset_update_0214/HNC_062+15Ag+MOS_568.npz,,
HNC_062,9Ag,FALSE,3,1,valid,test,C:/Users/960/Desktop/Top2/data/dataset_update_0214/HNC_062+9Ag+MOS_568.npz,,
HNC_062,A4Ac,TRUE,3,1,valid,test,C:/Users/960/Desktop/Top2/data/dataset_update_0214/HNC_062+A4Ac+MOS_568.npz,,
HNC_073,15Ag,FALSE,3,1,valid,test,C:/Users/960/Desktop/Top2/data/dataset_update_0214/HNC_073+15Ag+MOS_58793.npz,,
HNC_073,9Ag,FALSE,3,1,valid,test,C:/Users/960/Desktop/Top2/data/dataset_update_0214/HNC_073+9Ag+MOS_58793.npz,,
HNC_073,A4Ac,TRUE,3,1,valid,test,C:/Users/960/Desktop/Top2/data/dataset_update_0214/HNC_073+A4Ac+MOS_58793.npz,,
HNC_083,15Ag,FALSE,3,1,valid,test,C:/Users/960/Desktop/Top2/data/dataset_update_0214/HNC_083+15Ag+MOS_55838.npz,,
HNC_083,9Ag,FALSE,3,1,valid,test,C:/Users/960/Desktop/Top2/data/dataset_update_0214/HNC_083+9Ag+MOS_55838.npz,,
HNC_083,A4Ac,TRUE,3,1,valid,test,C:/Users/960/Desktop/Top2/data/dataset_update_0214/HNC_083+A4Ac+MOS_55838.npz,,
HNC_093,15Ag,FALSE,3,1,valid,test,C:/Users/960/Desktop/Top2/data/dataset_update_0214/HNC_093+15Ag+MOS_23707.npz,,
HNC_093,9Ag,FALSE,3,1,valid,test,C:/Users/960/Desktop/Top2/data/dataset_update_0214/HNC_093+9Ag+MOS_23707.npz,,
HNC_093,A4Ac,TRUE,3,1,valid,test,C:/Users/960/Desktop/Top2/data/dataset_update_0214/HNC_093+A4Ac+MOS_23707.npz,,
HNC_103,15Ag,FALSE,3,1,valid,test,C:/Users/960/Desktop/Top2/data/dataset_update_0214/HNC_103+15Ag+MOS_57502.npz,,
HNC_103,9Ag,FALSE,3,1,valid,test,C:/Users/960/Desktop/Top2/data/dataset_update_0214/HNC_103+9Ag+MOS_57502.npz,,
HNC_103,A4Ac,TRUE,3,1,valid,test,C:/Users/960/Desktop/Top2/data/dataset_update_0214/HNC_103+A4Ac+MOS_57502.npz,,
HNC_124,15Ag,FALSE,3,1,valid,test,C:/Users/960/Desktop/Top2/data/dataset_update_0214/HNC_124+15Ag+MOS_30300.npz,,
HNC_124,9Ag,FALSE,3,1,valid,test,C:/Users/960/Desktop/Top2/data/dataset_update_0214/HNC_124+9Ag+MOS_30300.npz,,
HNC_124,A4Ac,TRUE,3,1,valid,test,C:/Users/960/Desktop/Top2/data/dataset_update_0214/HNC_124+A4Ac+MOS_30300.npz,,
HNC_134,15Ag,FALSE,3,1,valid,test,C:/Users/960/Desktop/Top2/data/dataset_update_0214/HNC_134+15Ag+MOS_56919.npz,,
HNC_134,9Ag,FALSE,3,1,valid,test,C:/Users/960/Desktop/Top2/data/dataset_update_0214/HNC_134+9Ag+MOS_56919.npz,,
HNC_134,A4Ac,TRUE,3,1,valid,test,C:/Users/960/Desktop/Top2/data/dataset_update_0214/HNC_134+A4Ac+MOS_56919.npz,,
HNC_154,15Ag,FALSE,3,1,valid,test,C:/Users/960/Desktop/Top2/data/dataset_update_0214/HNC_154+15Ag+MOS_34515.npz,,
HNC_154,9Ag,FALSE,3,1,valid,test,C:/Users/960/Desktop/Top2/data/dataset_update_0214/HNC_154+9Ag+MOS_34515.npz,,
HNC_154,A4Ac,TRUE,3,1,valid,test,C:/Users/960/Desktop/Top2/data/dataset_update_0214/HNC_154+A4Ac+MOS_34515.npz,,
HNC_164,15Ag,FALSE,3,1,valid,test,C:/Users/960/Desktop/Top2/data/dataset_update_0214/HNC_164+15Ag+MOS_43334.npz,,
HNC_164,9Ag,FALSE,3,1,valid,test,C:/Users/960/Desktop/Top2/data/dataset_update_0214/HNC_164+9Ag+MOS_43334.npz,,
HNC_164,A4Ac,TRUE,3,1,valid,test,C:/Users/960/Desktop/Top2/data/dataset_update_0214/HNC_164+A4Ac+MOS_43334.npz,,
HNC_174,15Ag,FALSE,3,1,valid,test,C:/Users/960/Desktop/Top2/data/dataset_update_0214/HNC_174+15Ag+MOS_2982.npz,,
HNC_174,9Ag,FALSE,3,1,valid,test,C:/Users/960/Desktop/Top2/data/dataset_update_0214/HNC_174+9Ag+MOS_2982.npz,,
HNC_174,A4Ac,TRUE,3,1,valid,test,C:/Users/960/Desktop/Top2/data/dataset_update_0214/HNC_174+A4Ac+MOS_2982.npz,,
HNC_184,A4Ac,TRUE,3,1,valid,test,C:/Users/960/Desktop/Top2/data/dataset_update_0214/HNC_184+A4Ac+MOS_32779.npz,,
HNC_194,15Ag,FALSE,3,1,valid,test,C:/Users/960/Desktop/Top2/data/dataset_update_0214/HNC_194+15Ag+MOS_44393.npz,,
HNC_194,9Ag,FALSE,3,1,valid,test,C:/Users/960/Desktop/Top2/data/dataset_update_0214/HNC_194+9Ag+MOS_44393.npz,,
HNC_194,A4Ac,TRUE,3,1,valid,test,C:/Users/960/Desktop/Top2/data/dataset_update_0214/HNC_194+A4Ac+MOS_44393.npz,,
